news_cluster_id,canonical_publication_time,year,canonical_source,canonical_title,cleaned_lead,decision,relevance_score,score_band,evidence_type,manual_relevant,review_notes
news_8c0609731a57209a59f5,2018-09-17 23:15:57+00:00,2018,CCN,Bullish on Blockchain: Georgia Universities to Offer Fintech Degree Programs,"The University System of Georgia (USG)announcedthe launch of a state-wide fintech academy on on Sept. 11. It is the largest education effort of its kind in the United States. While individual universities have offered blockchain courses, such asStanfordandNYU, Georgia is opening the program to all current students across all colleges in the state’s public university system. Additionally, professionals and degree-holders who desire to enter the fintech sector can enroll in the academy. Called the",removed,0,below_threshold,content_repeated,,
news_9ee4139069c40a5c4757,2018-01-29 07:39:49+00:00,2018,Reuters,The Coincheck hack and the issue with crypto assets on centralized exchanges,"HONG KONG/TOKYO (Reuters) - Hackers have stolen roughly 58 billion yen ($532.6 million)from Tokyo-based cryptocurrency exchange Coincheck Inc, raising questions about security and regulatory protection in the emerging market of digital assets. The following are some questions and answers about one of the largest heists of cryptocurrencies in the history: WHAT IS NEM? NEM is a cryptocurrency launched in March 2015 by a team of five developers identifying themselves as Pat, Makoto, Gimre, BloodyRo",removed,0,below_threshold,content_repeated,,
news_610095e4342a4f4ddf2a,2018-11-14 12:00:27+00:00,2018,CCN,Bloodbath: Crypto Market Drops in $8B Wipeout; Bitcoin Cash Down 24.4% in 1 Week,"Over the past 12 hours, more than $8 billion was wiped out from the crypto market, as several major digital assets including Bitcoin Cash (BCH) and Stellar (XLM) suffered. For the first time in the past ten days, the price of BCH has dropped below the $500 mark to $480. Within the past week, after securing a monthly high at $630, BCH has dropped by more than 24.4 percent. Prior to a hard fork, especially a contentious hard fork in which a chain split is almost guaranteed, investors tend to buy a",removed,0,below_threshold,content_repeated,,
news_705423cdcef2d83145d5,2018-09-07 16:00:24+00:00,2018,CoinDesk,Quione Looks to Boost Crypto Liquidity With New Trading Platform,"Cryptocurrency exchange startup Quione has launched a newÂ trading platform that it says will bring much needed liquidity to the crypto markets. Called Liquid, the new service isÂ a cryptocurrency trading ""portal"" that provides users with access to what it claims in apress releaseis ""a worldwide network of cryptocurrency exchanges."" With a lack of liquidity having ""hampered the development of the cryptocurrency markets,"" Liquid argued that its new product could help usher in greater stability. A",removed,1,below_threshold,content_repeated,,
news_8922f5f87c7be80891a7,2018-05-05 05:13:03+00:00,2018,FX Empire,The British pound falls against greenback on Friday,"The most important thing to pay attention to on this chart is that we have broken through a massive uptrend line on the weekly chart, and that of course is a very negative sign. I think short-term rallies should be selling opportunities, as we continue to seethe US dollarshow signs of strength, and it looks like that the rallies will continue to show signs of exhaustion. Those exhaustive candles are nice selling opportunities as we continue to go much lower, perhaps down to the 1.30 level. The m",removed,0,below_threshold,content_single,,
news_5beea98026371642cc37,2018-07-21 08:30:43+00:00,2018,CoinDesk,Crypto Trading 101: Bull and Bear Flags (And What They Mean for Price),"When it comes to making big money in trading, the trend is your friend. But spotting the trend when it is in the nascent stage is challenging, and running along with it right up to the top is an even bigger challenge. That's becauseÂ asset prices rarely see a 90-degree rally or collapse. More often than not, trends (bullish/bearish) will pause briefly to allow traders or investors who missed the initial move (higher or lower) to join the bandwagon. If the participation increases, the asset price",removed,0,below_threshold,content_single,,
news_4fdba9ca9214c633726b,2018-05-25 21:02:57+00:00,2018,Bitcoin Magazine,Podcast Platform Castbox Launches Blockchain Project to Reward Creators,"Castbox Award-winning global podcast platform Castbox has announced the release of ContentBox, a blockchain-based infrastructure for decentralized digital content. The project is backed by Bo Shen — the founder of Fenbushi Capital and an early adopter of Ethereum — who will serve as both a cornerstone investor and strategic advisor to the team. Shen said, “The nature of blockchain technology is to take a slice of the pie from vested interest groups, where you are bound to encounter resistance. T",removed,0,below_threshold,content_single,,
news_49f2fbad92a3edba1b30,2018-11-23 22:10:04+00:00,2018,CCN,Bitcoin Cash Price Drops 12% to New All-Time Low at $190 — What’s Causing it?,"Since November 7, theBitcoin Cash price(BCH) has dropped from $640 to $190, by more than 70 percent. Prior to the hash power war betweenBitcoin CashandBitcoin Cash SV, a camp led by CoinGeek, Calvin Ayre, and Craig Steven Wright, the price of BCH plunged from $640 to around $450. BCHhas continued to extend its loss to the lower end of $200 in the past several days following the incident, finally dipping below the $200 support level in the last 24 hours. Within a two-day span, BCH dropped by more",removed,0,below_threshold,content_single,,
news_a75cf03901ece0ad7dfd,2018-10-24 16:00:00+00:00,2018,ACCESSWIRE,Binance Unveils Blockchain-Based Donation Portal at UNCTAD World Investment Forum,"GENEVA / ACCESSWIRE / October 24, 2018 /On the 73rd anniversary of UN Day,Binance-initiatedBlockchain Charity Foundation(BCF) launched a blockchain-based donation portal at the UNCTAD World Investment Forum. The charity system will begin accepting donations immediately, with initial support for BNB, BTC and ETH cryptocurrencies. BCF will also open a donation channel to support victims of thefloods and landslides in Eastern Uganda. Binance CEO Changpeng Zhao delivers keynote at the Blockchains fo",removed,2,threshold_2,content_single,,
news_65a5fb04ebac52186a77,2018-01-05 21:08:09+00:00,2018,Zacks,5 Surprising Ways to Profit from Cryptocurrencies,"Whether Bitcoin goes to $1 or $1 million, it's already made an indelible impact on the financial markets. The word of the day here is ""Blockchain."" We've seen the mania surrounding cryptocurrencies but on the equity side it's bordered on insanity. There have been some very famous cases of companies simply adding the word ""Blockchain"" to their names and then rallying 500% the next trading day. This sort of insanity has created a huge buzz in the investment community, sparking debate on both sides",removed,2,threshold_2,content_single,,
news_246c550ab826805ff679,2018-02-23 00:23:00+00:00,2018,Engadget,Robinhood's commission-free cryptocurrency trading is live,"The zero-fee stock trading app, Robinhood,announcedits plan to enable users to buy and sell Bitcoin and Ethereum last month. Now the company is making good on its promises. Starting today, Robinhood isrolling out accessto trade the two cryptocurrencies in California, Massachusetts, Missouri, Montana and New Hampshire, with plans to expand to many more states later. If you're not in one of the states covered, you can still monitor and track market data for all 16 cryptocurrencies in theRobinhooda",removed,2,threshold_2,content_single,,
news_4fff582049f6667fbf04,2018-12-24 11:00:21+00:00,2018,Bloomberg,Mark Zuckerberg Uses Blockchain For His Own Ends,(Bloomberg Opinion) -- The idea that a company as powerful and autocratic as Facebook Inc. would ever dive into crypto-currencies has always seemed a bit like the Death Star deciding to throw a staff Christmas party. Whether it’s the Bitcoin model itself (Wild West capitalism where nobody’s in charge) or the more corporate-friendly efforts to exploit the blockchain approach (distributed databases across networks within a business or industry) it’s been hard to see how a billionaire like Mark Zuc,removed,2,threshold_2,content_single,,
news_54f885a82833c868cc92,2018-02-06 15:28:00+00:00,2018,Motley Fool,It's Officially a Stock Market Correction -- Here's What You Need to Do,"As of Tuesday, Feb. 6, the stock market briefly dipped into a correction, which is generally defined as a drop of 10% or more from the highs. Although the speed of this correction may seem scary, it's important to take a step back, assess the situation, and come up with a game plan. This may feel like a stock market crash, simply because of the speed with which the market has dropped. After all, 1000+ point single-day drops in the Dow Jones Industrial Average can be quite scary. Image source: Ge",removed,0,below_threshold,no_bitcoin_evidence,,
news_9614606d026e65416043,2018-01-06 20:16:00+00:00,2018,Motley Fool,This Grim Chart Shows Why Ford's Fusion Is in Danger,"Ford Motor Company(NYSE: F)said its 2017 U.S. sales fell 1.1% from a year ago despite strong results for its trucks and SUVs, because of a big decline in demand for sedans -- particularly its once-popular Fusion. Ford's U.S. sales in December were up about 1% from a year ago on strong truck demand. That beat the average 1.8% decline expected by analysts polled by Bloomberg. Ford's December gain was also ahead of results from rivalsGeneral Motors(NYSE: GM),Fiat Chrysler Automobiles(NYSE: FCAU), a",removed,0,below_threshold,no_bitcoin_evidence,,
news_9dce1b364b1f80f9cbf7,2018-01-21 13:25:00+00:00,2018,Motley Fool,2 Great Stocks You Can Buy on Sale,"As the market continues to move higher, finding great deals is only getting harder. Don't give up on searching for value, though. Even in an expensive market, good stocks sometimes go on sale. When they do, you need to pounce on them quickly. Otherwise, you'll miss out. CarmakerGeneral Motors(NYSE: GM)and apparel manufacturerHanesbrands(NYSE: HBI)stand out to me as two solid stocks trading at discounted valuations. I own both stocks, so I'm putting my money where my mouth is. Here's why GM and H",removed,0,below_threshold,no_bitcoin_evidence,,
news_2715b10cf6ec6a3668af,2018-02-01 15:08:00+00:00,2018,Motley Fool,Royal Dutch Shell Couldn't Have Asked for a Better Way to End 2017,"If there were any lingering worries about the oil downturn's impact onRoyal Dutch Shell's(NYSE: RDS-A)(NYSE: RDS-B)future ability to generate returns for investors, this past quarter put a lot of those concerns to bed. The company's earnings continue to post much-improved results, and its cash flows are robust enough that it can start doing things with excess cash. Shell ended 2017 on a relatively high note and marked another milestone in its post-BG Group acquisition strategy. Here's a rundown ",removed,0,below_threshold,no_bitcoin_evidence,,
news_ed5c2549ae352b31e1f6,2019-06-22 16:45:33+00:00,2019,CCN,21 Brutally Honest Opinions About Facebook’s Libra Cryptocurrency,"Facebook cryptocurrency Libra has taken the world by storm. We rounded up 21 opinions from crypto, governments, and financial analysts. | Source: AP Photo/Andrew Harnik (i), Shutterstock (ii). Image Edited by CCN. By CCN Markets : Maybe you heard the news? Facebook is launching a cryptocurrency called Libra . Cue the endless tweet-storms and Medium posts and think-pieces! Here are some of the most important comments from regulators, blockchain experts, finance analysts, regulators, and Facebook ",removed,0,below_threshold,content_repeated,,
news_6581844f240fc493a6df,2019-03-26 18:00:14+00:00,2019,Coin Rivet,What are Weiss cryptocurrency ratings?,"In 1971, Weiss Ratings began advising consumers on stocks, insurance companies, and banks. Each were given a rating to guide customers on which ones were the best and which ones needed improvement. This service now extends to cryptocurrencies, and with the defensive nature of cryptocurrency communities, not all of its ratings have gone down too well. To find out its ratings, you are going to have to pay – $936 to be precise. Let’s find out more about Weiss cryptocurrency ratings. Weiss cryptocur",removed,1,below_threshold,content_repeated,,
news_a568f15f0aa8b1bb71ed,2019-09-18 06:00:15+00:00,2019,CoinDesk,European Space Agency Backs Blockchain Satellite Project,"Blockchain startup SpaceChain has won a 60,000 euro grant from the European Space Agency (ESA) to investigate use-cases for their satellite-based blockchain wallet system. Announced today by the company, the grant by the ESA’s “kick-start activities” fund bolsters SpaceChain’s efforts to put a hyper-secure, multi-signature, distributed satellite network in orbit. The company has already flight-tested blockchain nodes in space. The tech uses a three signature system, with two ground-based signatu",removed,0,below_threshold,content_repeated,,
news_d4eefff5b1a075c1b23a,2019-06-11 10:02:00+00:00,2019,Cointelegraph,"Philippines’ Central Bank Will Continue to Closely Monitor Crypto, Citing Terror Financing","The governor of thePhilippines’central bank, Benjamin Diokno, has warned against the potential use of cryptocurrencies for terrorism financing and underscored that the Bangko Sentral ng Pilipinas (BSP) will continue to closely monitor their use in the country. The news wasreportedby local English language newspaper The Philippine Star on June 10. In addition to Diokno’s remarks, BSP Deputy Governor Diwa Guinigundo reportedly provided further insights into the institution’s stance toward cryptocu",removed,0,below_threshold,content_repeated,,
news_a1f5b2bff7f78fdcd890,2019-01-17 16:35:28+00:00,2019,FX Empire,AUD/USD Price Forecast  Australian dollar finds support and major EMA,"The Australian dollar initially pulled back a bit during the trading session on Thursday, dipping slightly below the 50 day EMA. However, we bounced slightly, and I think this is indicative of what we are going to see, a slow and gentle grind lower. This isnt necessarily an indictment on the Australian dollar rather than an indictment on the US/China trade relations which seem to be going nowhere. With that in mind, it will continue to affect the Australian economy as they are such a valued tra",removed,0,below_threshold,content_single,,
news_8d21b53cf80d8a182f08,2019-01-20 13:31:00+00:00,2019,Cointelegraph,Proposed License Requirements End Anonymous Crypto Selling and Buying in the Netherlands,"Pete Hoekstra, theNetherlands’ Minister of Finance, has received official advice that a licensing system should be introduced forcryptoservices, Dutch media outlet Nederlandse Omroep Stichting (NOS)reportson Jan. 18. Hoekstra reportedly requested advice about cryptocurrencies from the Netherlands’ Authority for the Financial Markets and the localcentral bank, De Nederlandsche Bank, at the beginning of last year. The minister announced that he started working in accordance with the advice immedia",removed,0,below_threshold,content_single,,
news_34c0bd57a26a7d67c56b,2019-09-13 14:45:12+00:00,2019,InvestorPlace,Your Savings Are at Risk in the Cashless World That’s Coming,"They’re coming for your money – every last cent… Source: Shutterstock That may sound like a weird, tinfoil-hat type of thing to say. But it’s what’s at stake in the War on Cash. InvestorPlace - Stock Market News, Stock Advice & Trading Tips As we’ve been showing you, governments are planning to seize control of your wealth by getting rid of banknotes and coins. That means no more Ben Franklins. No more nickels and dimes. Nothing but electronic 1s and 0s in a government database. • 10 Battered Te",removed,0,below_threshold,content_single,,
news_88ac48eb50ef2a886dca,2019-09-23 12:27:35+00:00,2019,Benzinga,Caesars Entertainment To Sell Rio Casino Business For $516.3M,"Caesars Entertainment Corporation(NASDAQ:CZR) has signed an agreement to sell the Rio All-Suite Hotel & Casino to a company controlled by a principal of Imperial Companies for $516.3 million. The transaction is expected to close in the fourth quarter. Caesars says it will continue to operate the property for a minimum of two years and pay annualized rent of $45 million. The buyer will have the option to pay Caesars $7 million to extend the lease under similar terms for a third year. ""This deal a",removed,0,below_threshold,content_single,,
news_47fc70c8f326e9f0119b,2019-10-21 10:10:35+00:00,2019,Decrypt,"Binance lists new trading pairs for BUSD, including XRP and ETH","Binance todayannouncednew pairings for BUSD, its dollar-pegged stablecoin. BUSD can now be traded forXRP,Litecoin,Ethereum, Ethereum Classic, Bitcoin Cash ABC, and Chainlink. BUSDlaunched last month as part of a partnership with Paxos, which is best known for creating its own stablecoin. In its agreement with Binance, Paxos issues the coin and looks after the reserves of dollars. BUSD can also also be traded for BNB and Bitcoin. BUSD has regulatory approval by the New York State Department of Fi",removed,2,threshold_2,content_single,,
news_f82ee2c0c48dd2c1ca74,2019-05-08 15:42:36+00:00,2019,Bitcoin Magazine,"Israeli Police, FBI Apprehend Owners of Darknet Site Deep Dot Web","Two Israeli citizens have been apprehended by law enforcement based on suspicions that they developed and ran a darknet marketplace for dealing illegal goods. The Israeli policeannouncedvia Twitter that it has collaborated with the United States Federal Bureau of Investigation (FBI) to arrest two locals who they believe managed the dark web marketplace, which used bitcoin to facilitate trades. Local reportsidentifiedthe marketplace in question as Deep Dot Web. The site is reported to be a source",removed,2,threshold_2,content_single,,
news_41d0b236b3f6c3f773a0,2019-01-01 12:44:09+00:00,2019,FX Empire,2018 – 5 Most Influential People of the Year,"It’s been quite a year, with Bitcoin going from close to $20,000 to close to $3,000, the U.S equity markets unraveling to move into the bearish territory, driven by an unprecedented number of events and shifts in both the economic and political landscape through the year. The selection of the 5 most influential comes amidst heightened market turmoil and a U.S government that has shut down over Trump’s much talked about Wall Street and an ongoing trade war between the U.S and China. Donald Trump:",removed,2,threshold_2,content_single,,
news_3b4370eb82909555132e,2019-03-25 09:00:09+00:00,2019,Coin Rivet,Blockchain startup Travala launches crowdfunding campaign,"Blockchain powered travel venture, Travala , has kicked off a crowdfunding campaign, further info on which can be found here . At the time of writing, it had raised £186,630 from 174 investors. Travala’s platform is currently in beta and provides access to 550,000+ hotels in 210 countries. Formerly known as Concierge, it wrapped up an initial coin offering in April last year, raising £2 million. The company has integrated with Coingate to accept 40+ cryptocurrencies, including Bitcoin, Ethereum,",removed,2,threshold_2,content_single,,
news_bb46b9ee2b0dbd220879,2019-02-24 18:48:58+00:00,2019,FX Empire,"The Week Ahead – It’s Brexit, Powell, Trump, Trade and Stats to Drive the Markets","The week kicks off with December housing figures and February consumer confidence number on Tuesday. December factory orders and pending home sales are due out on Wednesday, ahead of 4thquarter GDP numbers and the weekly jobless claims figures. A particularly busy Friday has December’s core PCE price index and personal spending figures due out, ahead of manufacturing PMI numbers and finalized consumer sentiment figures for February. Outside of the stats, FED Chair Powell’s testimony Tuesday and ",removed,0,below_threshold,no_bitcoin_evidence,,
news_892019843c59c1359ba2,2019-05-28 13:01:50+00:00,2019,FX Empire,"Futures Flat, Trade Tensions In Focus, China Won’t Back Down","The U.S. futures are flat in early Monday trading. Trade tensions remain in focus albeit the messages remain mixed. President Donald Trump says the U.S. isn’t ready to make a deal with China but also that a deal will come soon. China, through a media mouthpiece, has suggested it won’t back down to U.S. demands. The impasse is seemingly unsolvable and likely to last far longer than first anticipated. Meanwhile, the U.S. is making moves to conclude trade deals with just about every one of its part",removed,0,below_threshold,no_bitcoin_evidence,,
news_e05a7d9c6d91cbe04d21,2019-09-04 14:59:26+00:00,2019,ETF Trends,Check Out This Alternatively-Weighted Smart Beta ETF,"This article was originally published onETFTrends.com. TheWisdomTree Earnings 500 Fund (EPS) , a smart beta alternative to cap-weighted domestic large-cap equity strategies, could be an alternatively-weighted strategy for investors to consider when markets steady and volatility abates. EPS targets an earnings-weighted index that screen for positive cumulative earnings over their most recent four fiscal quarter period and assigns weights to components to reflect the proportionate share of the agg",removed,0,below_threshold,no_bitcoin_evidence,,
news_9dd0ba7eedcf6b0f3d2d,2019-05-18 02:39:19+00:00,2019,FX Empire,"Bitcoin Cash  ABC, Litecoin and Ripple Daily Analysis  18/05/19","Bitcoin Cash  ABC  Down Again Bitcoin Cash ABC slid by 7.77% on Friday. Following on from a 1.18% fall from Thursday, Bitcoin Cash ABC ended the day at $366.9. A particularly bearish start to the day saw Bitcoin Cash ABC slide from an intraday high $412 to an early intraday low $330. Bitcoin Cash ABC fell through the first major support level at $368.07 and second major support level at $337.78. Of greater significance was a side through the 23.6% FIB of $371. Pinned by back the 23.6% FIB thro",removed,0,below_threshold,no_bitcoin_evidence,,
news_63e55f4cde45a33bc631,2020-01-22 16:00:00+00:00,2020,CoinDesk,Jack Dorsey’s Square Wins Patent for Fiat-to-Crypto Payments Network,"Payments provider Square has won a U.S. patent for a new network that enables seamless crypto-to-fiat transactions. Granted Tuesdayby the U.S. Patent and Trademark Office, the patent details a payments system allowing users holding different asset types to transact with one another in real-time. “The present technology permits a first party to pay in any currency, while permitting the second party to be paid in any currency,” reads Square’s application. The network itself can automatically excha",removed,1,below_threshold,content_repeated,,
news_b22194ece1e35b8feee9,2020-07-24 14:00:50+00:00,2020,CoinDesk,Banks Won’t Rush to Hold Crypto – But OCC’s Regulatory Approval Makes It Harder to Ignore,"The Office of the Comptroller of the Currency (OCC), a federal banking regulator in the U.S., is rapidly expanding crypto awareness on Capitol Hill. The OCC published an interpretive letter Wednesday announcing that in its view, nationally chartered banks are able to provide custody services for cryptocurrencies, a move that the industry widely praised as one that could help mainstream adoption of crypto, even though it’s unclear as to whether banks will immediately act on the regulatory clarifi",removed,0,below_threshold,content_repeated,,
news_82c0031d1c3c4ef8ba55,2020-10-05 12:47:39+00:00,2020,CoinDesk,"First Mover: Day in the Life of a Yield Farmer Means Part-Time Gig, Full-Time Risk","One is a Grammy Award-winning musician with lots of spare time. Another is a software engineer with nowhere to go during the pandemic. There’s also an editor for a data site and a fund manager who invests in digital assets. What these people have in common is an obscure side gig known as “yield farming,” a type of cryptocurrency trading and investing that didn’t really even exist until 2020. Yield farming is producing fixed income-like returns that can, at least for brief stretches, provide annu",removed,0,below_threshold,content_repeated,,
news_66eaa4e705bbf88256ed,2020-06-08 13:30:12+00:00,2020,Benzinga,5 Crypto Executive Predictions On Where The Economy Is Headed,"In 2020, the world has embraced uncertainty as the new norm. Market volatility has reached record levels, leading to a surge in trading volume and opportunities for value investors. Industries such as airlines, cruise lines, and rental cars have taken a massive hit as air travel remainsdown 90%and lockdown orders prevent travel. Stocks such asNorweigan Cruise Lines(NYSE:NCLH),Spirit Airlines(NYSE:SAVE), andCarnival Corporation(NYSE:CCL) have all experienced recent upward swings as coronavirus co",removed,0,below_threshold,content_repeated,,
news_eb005f23786b6eb0483e,2020-06-09 15:50:10+00:00,2020,Engadget,The Winklevoss twins are making a movie about the Winklevoss twins,"David Fincher’s movieThe Social Networkcommitted the origins ofFacebookto film. A major part of that drama brought to light how Mark Zuckerberg allegedly stole an idea from the Winklevoss twins to create Facebook. According toDeadline, Cameron and Tyler Winklevoss have partnered with Stampede Ventures to create a film about their own adventures in cryptocurrency. An adaptation of Ben Mezrich’sBitcoin Billionaires, the film will detail how the twins invested inBitcoinpayment processor BitInstant,",removed,0,below_threshold,content_single,,
news_ecc26bb60cb435193d61,2020-07-07 18:31:30+00:00,2020,FX Empire,Gold Price Prediction – Prices Break Out To 8-Year Highs as US Yields Ease,"Gold prices broke out closing above the August 2012 highs putting short term support near the former highs at 1,791. This was a fresh 8-year high. Gold was buoyed as US treasury prices moved higher and yields continued to dip. The dollar whipsawed and closed unchanged but this failed to generate headwinds for the yellow metal. The Labor Department reported today that firings slowed considerably in May. Trade gold with FXTM Gold prices rallied on Tuesday breaking out to fresh 8-year highs. Prices",removed,0,below_threshold,content_single,,
news_4567b727dfcfafa3f1ee,2020-07-07 22:01:09+00:00,2020,CoinDesk,How Apple’s COVID Policy Limited a Public Health App in Taiwan,"The Taiwanese startupBitmark, which participated in a government-sponsored hackathon inMay, was unable to promote its blockchain solution due to Apple’spandemic moderation policy. “We were trying to essentially build a weather forecast but for public health,” said Bitmark CEO Sean Moss-Pultz. “It allowed people to volunteer their symptoms and what they are trying to do to get better, and connect that to public data from public health offices.” Precisely because the World Health Organizationexclu",removed,0,below_threshold,content_single,,
news_05a4b6b025635781373b,2020-07-24 12:05:55+00:00,2020,Engadget,Garmin services go offline following suspected ransomware attack,"Garminis experiencing a widespread outage affecting its website, apps, Connect data-syncing platform and other services, the company has announced on Twitter. The issue has even affected its call centers, preventing the company from receiving any calls, emails or online messages. While the company says it’s working to resolve the issue, it didn’t reveal the reason behind the outage. According toZDNet, though, Garmin had to shut down everything for a few days to deal with the aftermath of a ranso",removed,0,below_threshold,content_single,,
news_57bcdfd0f0457cdf5edb,2020-12-13 14:00:00+00:00,2020,CoinDesk,How Much Debt Can a Country Handle?,"As conventional wisdom grows that central banks can go more deeply into debt than previously thought, one economist asks, how much is too much? Formore episodesand free early access before our regular 3 p.m. Eastern time releases, subscribe withApple Podcasts,Spotify,Pocketcasts,Google Podcasts,Castbox,Stitcher,RadioPublica,iHeartRadioorRSS. This episode is sponsored byCrypto.com,Nexo.ioand this week’s special product launchLVL.co. Related:Bitcoin News Roundup for Dec. 14, 2020 Download this epi",removed,2,threshold_2,content_single,,
news_bda1926ee5bc0c9cef3b,2020-06-22 09:20:00+00:00,2020,ACCESSWIRE,Bybit Launches Fiat Gateway: Users Can Now Buy Crypto With Over 20 Fiat Currencies,"SINGAPORE, SINGAPORE / ACCESSWIRE / June 22, 2020 /Derivatives exchange Bybit has added a fiat onramp that enables users to purchase cryptocurrency with credit and debit card, or a bank transfer. The fiat-crypto facility has been implemented with the support of payment providersBanxaandXanpool. It means that Bybit users can now purchase BTC or ETH using Visa or Mastercard. Other debit and credit cards are also supported as well as the ability to purchase crypto via bank transfer. The introductio",removed,2,threshold_2,content_single,,
news_9f66859bf609e2028c10,2020-07-09 11:27:04+00:00,2020,Coin Rivet,Dogecoin surges to dizzying heights amid TikTok hype,"Dogecoin, a longstanding staple of the cryptocurrency ecosystem, has been struck by a remarkably unexpected rally over the past 48-hours, with it now trading 82% higher against Bitcoin than it was two days ago. The meme-friendly digital asset, which was created as a joke in 2013, has emerged as a target for millions of TikTok users that claim it will rally all the way to $1. The #DOGE hashtag now has millions of posts on both TikTok and Twitter, with cryptocurrency exchanges responding by listin",removed,2,threshold_2,content_single,,
news_528aafe7fba6df0b1cfa,2020-09-30 13:00:00+00:00,2020,ACCESSWIRE,"IOVlabs and Grupo Sabra Announce ""Extrimian"": Blockchain Solutions for Businesses and Governments","GIBRALTAR / ACCESSWIRE / September 30, 2020 /IOVlabs, the parent company of Bitcoin smart contract platform RSK and its Infrastructure Framework (RIF), has partnered with Grupo Sabra, a solution company with proven track record implementing real-world enterprise blockchain applications, to create a new Joint Venture called Extrimian. The new company is offering a platform and ecosystem called RSK Enterprise Cloud aimed for governments, entrepreneurs and enterprises. Through it, they will be able",removed,2,threshold_2,content_single,,
news_498113116dc040c14713,2020-03-12 17:27:44+00:00,2020,FX Empire,E-mini Dow Jones Industrial Average (YM) Futures Technical Analysis – Attempting Weak Comeback,"March E-mini Dow Jones Industrial Average futures are coming back with a vengeance Thursday afternoon after the Federal Reserve announced extraordinary funding actions to ease strained capital markets in the wake of the coronavirus sell-off. The Fed announced it will ramp up its overnight funding operations to more than $500 billion. At 17:36 GMT,March E-mini Dow Jones Industrial Averagefutures are trading 21934, down 1641 or -6.96%. The trend is down. It won’t change to up unless buyers can tak",removed,0,below_threshold,no_bitcoin_evidence,,
news_abf760c24fc1ad496cb9,2020-11-19 23:23:10+00:00,2020,CoinDesk,Goldman Sachs Expects Digital Yuan to Reach 1B Users Within 10 Years,"The digital yuan, China’s planned national virtual currency, would account for 15% of total consumption payments in 10 years, helping commercial banks gain more ground from fintech companies, according to a Nov. 17 Goldman Sachs report shared with CoinDesk. The Digital Currency Electronic Payment (DC/EP) could be a more attractive alternative to existing digital payment services provided by fintech companies in a cashless environment, said the 81-page report. It cited anonymity enabled by the se",removed,0,below_threshold,no_bitcoin_evidence,,
news_fade181ff5880f3dba65,2020-06-18 07:07:24+00:00,2020,FX Empire,"An Unease in Markets, but will COVID19 Really Derail the Risk Rally?","Former national security adviser John Bolton released his new book, in which he claims Trump asked the Chinese for help in his re-election campaign, and this seemingly caused some wobbles in markets – clearly there is going to be some real dirt produced as we head far closer to November and it’s going to get pretty grimy. However, it feels like the world is starting to watch China more intently again after the breakout in the Xinfadi food market, with schools being closed and 1200 flights cancel",removed,0,below_threshold,no_bitcoin_evidence,,
news_34332049188e65e6e3ad,2020-05-14 20:05:10+00:00,2020,GlobeNewswire,"U.S. Global Investors Reports Financial Results for the Third Quarter of 2020 Fiscal Year, with Updates on Airline ETF, Gold & Precious Metal ETF and Investment in Blockchain Crypto Mining","San Antonio, May 14, 2020 (GLOBE NEWSWIRE) -- U.S. Global Investors, Inc. (NASDAQ:GROW) (the “Company”), a boutique registered investment advisory firm with longstanding experience in global markets and specialized sectors, today reported a net loss of $1.6 million, or a $0.11 per share loss, for the quarter ended March 31, 2020. That’s compared to net income of $779,000, or $0.05 per share, for the same three-month period a year earlier. The change is primarily due to unrealized investment loss",removed,0,below_threshold,no_bitcoin_evidence,,
news_4e2b207b04be38f0614d,2021-12-07 21:44:01+00:00,2021,Yahoo Finance,Ethereum developer sees crypto impacting 'every corner of society',"When people hear about cryptocurrencies, they think about alternative forms of money. But Lane Rettig, one of Etherium’s (ETH-USD) former core developers, says crypto could change everything – from the way businesses are formed and run, to how tickets are purchased for sporting events and concerts, and how salaries are paid. “It’s the beginning of a new economy that creates value for people everywhere,” Rettig told Yahoo Finance in an exclusive interview. “Crypto will have a profound and long-la",removed,0,below_threshold,content_repeated,,
news_17bd6de17d7443f3090e,2021-11-16 14:20:30+00:00,2021,FX Empire,When Shiba Inu Will Be Added to AMCs Crypto Payment Lineup,"Shiba Inu fans have a lot of sway in the cryptocurrency market. They have made it onto the radar of AMC Entertainment CEO Adam Aron and won him over. Not only will the movie chain be adding the meme coin to its payment lineup but Aron has prompted blockchain tech company BitPay to add support support Shiba Inu too. Thanks to BitPays tech for sending and receiving crypto payments, moviegoers will be able to pay with SHIB to pay for movie tickets and concessions. The milestones continue, as Aron ",removed,0,below_threshold,content_repeated,,
news_cb70ad6a83739b6808c8,2021-03-02 23:53:25+00:00,2021,CoinDesk,Gensler Straddles Innovation and Enforcement at Senate Hearing,"“I’m neither a maximalist nor a minimalist but I do believe [blockchain is] a catalyst for change,” said Gary Gensler, the potential next chairman of the U.S. Securities and Exchange Commission (SEC). Gensler was speaking to theSenate Banking Committee, whichheld a hearingTuesday to consider his nomination to the SEC, along with President Joe Biden’s nominee to run the Consumer Financial Protection Bureau, Rohit Chopra. Gensler’s background suggests he is both pro-crypto and pro-regulation, and ",removed,0,below_threshold,content_repeated,,
news_95d7d8895f4f3b0a66f3,2021-11-17 12:00:00+00:00,2021,Newsfile,CoinSmart Officially Launches Digital Asset Trading App with Full Off-Ramp Capabilities,"App Launch Features Introduction of Dogecoin (DOGE), Polkadot (DOT), Shiba Inu (SHIB), Chainlink (LINK), & Uniswap (UNI) Toronto, Ontario--(Newsfile Corp. - November 17, 2021) - CoinSmart Financial Inc. (NEO: SMRT) (FSE: IIR) (""CoinSmart""or the""Company"") (https://www.coinsmart.com/), one of Canada's leading digital asset trading platforms, has announced the official launch of its new mobile trading app for iOS and Android devices. The intuitive, simple to use mobile app streamlines the onboardin",removed,1,below_threshold,content_repeated,,
news_94753fd1a9eed585d214,2021-05-27 08:22:00+00:00,2021,GlobeNewswire,MDEX Token ($MDX) Lists on Binance and Enters Top 100 Rankings on Coinmarketcap,"SINGAPORE, May 27, 2021 (GLOBE NEWSWIRE) -- The leading decentralized cross-chain trading protocolMDEX.COMhas pulled off quite the coup, with its MDX token listing on top exchange Binance and its entry into theTop 100 rankings on Coinmarketcap. In the last 24 hours, the MDX trading volume is USD 87 million and $MDX is currently priced at USD 1.89. Its live market cap is USD 780 million and besides Binance, is presently trading on Huobi Global, Gate.io, MXC.COM and others. Exchange Giants Collabo",removed,0,below_threshold,content_single,,
news_f65d8df1d8f2c41fffaf,2021-10-19 15:55:06+00:00,2021,FX Empire,Silver Price Forecast  Silver Markets Have Explosive Move During the Tuesday Session,"Silver markets have rallied significantly during the course of the trading session on Tuesday to break above the 50 day EMA and even clear the $24 level. That of course is a very positive turn of events, and it does suggest that we are likely to see even more bullish behavior. That being said, the 200 day EMA sits just above, and I think that is something that you have to pay a certain amount of attention to as well. With that being the case, I think that we have a scenario where this is a marke",removed,0,below_threshold,content_single,,
news_f53b5d306448e1b26cd0,2021-11-05 19:06:52+00:00,2021,Coin Rivet,Crypto billionaire Mike Novogratz now owns a CryptoPunk,"Crypto billionaire Mike Novogratz has revealed that he now owns a CryptoPunk and will be starting a “$GLXY NFT collection” to accompany his first public purchase. The CryptoPunk is his first move into an emerging sector – NFTs – and also shows that he is aware of the leading ‘blue-chip’ collections in the space, which includes Punks and Bored Ape Yacht Club . Novogratz purchased Punk #8466 for 98.5 ETH ($440k). It remains his only NFT purchase so far according to his wallet . We started a $GLXY ",removed,0,below_threshold,content_single,,
news_3768756347b6e86889b9,2021-09-03 19:30:00+00:00,2021,Yahoo Finance,"Data: Eastern Europe emerges as hotbed of crypto scams, costing investors millions","Eastern Europe has become a hotbed for cryptocurrency scams, according to a new analysis, with addresses in the region having a high rate of exposure to illicit transactions — second to only Africa. A newreportfrom Chainalysis, a blockchain forensics firm, mapped out the crypto crime landscape of Eastern Europe over the past year. Notably, a little-known billion dollar Ponzi scheme called Finiko accounted for more than half of funds in the region sent to scam addresses. Indeed, crypto scams eman",removed,0,below_threshold,content_single,,
news_44f8277b899142f2b94b,2021-03-27 13:56:38+00:00,2021,Benzinga,"Is Now The Time To Buy Stock In Microsoft, Disney, Apple Or Nike?","One of the most common questions traders have about stocks is “Why Is It Moving?” That’s why Benzinga created the Why Is It Moving, or WIIM, feature inBenzinga Pro. WIIMs are a one-sentence description as to why that stock is moving. Here’s the latest news and updates for Microsoft, Disney, Apple and Nike. Microsoft Corporation’s (NASDAQ:MSFT) decentralized identity platform ION is now live on the Bitcoin blockchain. A project four years in the making, ION aims to provide people with a new way t",removed,2,threshold_2,content_single,,
news_eac9348c6356926988c0,2021-11-09 13:00:00+00:00,2021,GlobeNewswire,"RocketFuel Announces Closing of $5 Million Equity Round, Outlines Growth Plan for the Next 12 Months","Proceeds to fund continued increases in sales and marketing, software development, and other key drivers of growth San Francisco, Nov. 09, 2021 (GLOBE NEWSWIRE) -- RocketFuel Blockchain, Inc. (OTC QB: RKFL), a global provider of payment solutions via Bitcoin and other cryptocurrencies, announced that it had closed a $5 million equity raise from a group of institutional investors. H.C. Wainwright & Co. was the placement agent for the offering. RocketFuel believes that the capital will enable it t",removed,2,threshold_2,content_single,,
news_fbff5f78a5e591a882d0,2021-10-29 16:10:00+00:00,2021,ACCESSWIRE,"Palm Trinity Insurance New Product ""Live Insurance"" Advocates for Healthy Living through Functional Medicine","CHINO, CA / ACCESSWIRE / October 29, 2021 /Palm Trinity Insurance is redefining the perception of most people when it comes to insurance. Along with being the first agency in California to accept cryptocurrency (Bitcoin) for insurance premiums, its latest product, ""Live Insurance,"" helps its clients not just to prepare for the eventuality of death by getting a life insurance package but also implement their premium toward a package which includes Functional Medicine: Personal Trainers, Nutrition",removed,2,threshold_2,content_single,,
news_dc1abc1a9d8d8f27e0ec,2021-11-29 11:39:00+00:00,2021,Newsfile,Cellframe Is Launching The Testnet 2.0 In the Run-up to The Mainnet,"Novosibirsk, Russia--(Newsfile Corp. - November 29, 2021) - Project Cellframe (CELL) announced the launch of SubZero, a testnet 2.0 with the ability to build bridges with Ethereum and Bitcoin. This is the final stage before the launch of the mainnet. Cellframe To view an enhanced version of this graphic, please visit: https://orders.newsfilecorp.com/files/7994/105443_ec557bf554f9e890_001full.jpg . Cellframe ( http://cellframe.net/?utm_source=media&utm_medium=article&utm_campaign=subzero_release ",removed,2,threshold_2,content_single,,
news_9d6985856a8026e1a2a9,2021-03-03 14:06:02+00:00,2021,Zacks,"Domtar (UFS) Sells Personal Care Division, Announces Share Buyback","Domtar CorporationUFS recently completed the sale of its Personal Care division to American Industrial Partners for $920 million. The divesture aligns with Domtar’s primary focus on building an industry-leading Paper, Pulp and Packaging business. This move will also aid the company to strengthen its financial position, boost liquidity and share repurchases.Last August, Domtar initiated a strategic review to explore value-creating potential options for its Personal Care division. On Jan 8, Domtar",removed,0,below_threshold,no_bitcoin_evidence,,
news_021f13c8cfd76d89ddca,2021-03-05 15:21:59+00:00,2021,InvestorPlace,"In a Year, You’ll Be Glad You Bought Plug Power Stock Today","Shares of hydrogen fuel cell makerPlug Power(NASDAQ:PLUG) have been hammered amid the recent tech sector meltdown, as a sharp rise in long-term yields has put significant downward pressure on growth stock valuations. From its early February highs, PLUG stock has lost almost half of its value. Source: Shutterstock That’s a steep drop in a stock that has very strong fundamentals. It’s also a great buying opportunity that will pay off handsomely in the long run. To be clear, I’m not saying PLUG sto",removed,0,below_threshold,no_bitcoin_evidence,,
news_3a2bb98a30cb62036638,2021-03-29 17:27:26+00:00,2021,TechCrunch,NFTs are part of a larger economic development in finance capital,"Non-fungible tokens (NFTs) are trending hotter than pogs right now, and the number of articles published on the subject in the last few weeks has ballooned into the thousands. So a pardon must be begged at the outset here, but the overlooked potential of token economies is simply too important to let slip away. NFTs are but one smallpart of a much larger developmentin the world of finance capital. What leaves some scratching their heads and chuckling could, within a decade, completely transform ",removed,0,below_threshold,no_bitcoin_evidence,,
news_2d22fed7f0a72a617ec0,2021-10-23 13:51:59+00:00,2021,Bloomberg,"Crypto Venue for Bets on Trump, JLo and Covid Faces U.S. Probe",(Bloomberg) -- It’s the go-to place for making crypto wagers on whether Donald Trump retakes the White House and Jennifer Lopez and Ben Affleck get engaged. It’s also under scrutiny by a top Wall Street regulator. Most Read from Bloomberg A Deep Dive Into Squid Game's World of Inequality Meet Six People Fighting Water Scarcity Across the Globe Hamburg Is at the Heart of Germany’s Growing Dilemma Over China The firm is Polymarket -- a New York-based platform that’s surged in popularity during the,removed,0,below_threshold,no_bitcoin_evidence,,
news_fc32ff79e50538a5e445,2022-05-19 10:28:16+00:00,2022,CoinDesk,"Hashed Wallet Takes $3.5B Hit, Delphi Discloses Loss After Terra's LUNA Collapse","Don't miss CoinDesk'sConsensus 2022, the must-attend crypto & blockchain festival experience of the year in Austin, TX this June 9-12. The collapse of the tokens linked to the Terra ecosystem, stablecoin terraUSD (UST) and Luna (LUNA), has led to some major investorscoming clean and detailing their losses. Two more backers of Terra are detailing exactly how their balance sheets have been impacted. Delphi Digital, a research firm, and boutique investor,admitted in a blog postthat it always had co",removed,1,below_threshold,content_repeated,,
news_f48eb1f8e00839a38519,2022-05-06 08:47:37+00:00,2022,FX Empire,The Central Bank of Argentina Forbids Banks To Offer Crypto to Clients,"• BCRA, the central bank of Argentina, has banned banks from offering cryptos to their customers. • The move aims to reduce crypto-related risks and their use in money laundering. • It comes days after two top private banks in Argentina announced offering crypto trading. Pro-crypto nation Argentina, which has one of the highest inflation rates in the world, recording over 50%, has now left thecryptocommunity in the country in dismay. Just days after two private banking behemoths in Argentina viz",removed,1,below_threshold,content_repeated,,
news_4e88cd0f4d01404d0fa1,2022-07-15 18:53:49+00:00,2022,The Hill,Top cryptomining companies have nearly enough electrical capacity to power Houston,"A handful of leading cryptocurrency miners have the electrical capacity equivalent to nearly every residence in Houston, Texas, according to data released by Democratic members of Congress on Friday. In a letter to Energy Secretary Jennifer Granholm and Environmental Protection Agency (EPA) Administrator Michael Regan, members led by Sen. Elizabeth Warren (D-Mass.) noted that leading cryptominers have developed more than 1,045 megawatts in mining capacity as of February. Companies that responded",removed,0,below_threshold,content_repeated,,
news_2acbde17295c0b86e3cf,2022-12-06 22:16:52+00:00,2022,InvestorPlace,3 Cryptos With Multibagger Potential by 2025,"Multibagger cryptos can be tricky to pick. The crypto market has undergone multiple shakeups this year. The market capitalization for cryptos plummeted over 50% in value in 2022, significantly worse than the stock market, which went through its blip this year. However, things look far gloomier than they actually are since it provides several opportunities to buy cryptos at bargain prices. The volatility that characterizes the crypto market is mighty discouraging, but the long-term prospects of t",removed,1,below_threshold,content_repeated,,
news_64c53116ffc4ec51164c,2022-06-29 12:02:00+00:00,2022,GlobeNewswire,Nebeus Gets Approval From VISA for Withdrawals in FIAT and Crypto,"The European crypto-backed lending company, Nebeus, now allows its users from around the world to withdraw their assets and gains from all the offered services into any VISA bank card. Nebeus Gets VISA's Approval for Withdrawals BARCELONA, Spain, June 29, 2022 (GLOBE NEWSWIRE) -- Nebeus, a European crypto-backed lending company, has recently been approved by VISA to allow money withdrawals to any VISA bank card in the world. This is one of the many steps that the company is taking towards its go",removed,0,below_threshold,content_single,,
news_36fb7b836921b256d862,2022-07-07 14:00:00+00:00,2022,GlobeNewswire,CryptoBucks Announces User App Will Be Available for Download August 1,"New exchange app makes crypto trading and payments simple and safe for everyone. CB logo CB logo FORT LAUDERDALE, Fla., July 07, 2022 (GLOBE NEWSWIRE) -- CryptoBucks announced today its new user app CryptoBucks for Everyone , will be released in beta Aug. 1. The new exchange app will allow users to buy, sell and swap crypto and provide payment to their vendor of choice using cryptocurrency as well as traditional payment methods, including credit cards, debit cards, and ACH transfers. ""Our new ap",removed,0,below_threshold,content_single,,
news_d7dc52715cf726ab3c31,2022-07-19 18:42:06+00:00,2022,NewMediaWire,"FierceCrowd NFT, Leveraging the Web3 Field to Increase Access to Education - Now Open for Mint","Dubai, UAE - (NewMediaWire) - July 19, 2022 - With a collection of 1,500 handpicked NFTs now open for mint on theirwebsite, FierceCrowd's aim is to use Web3 technology to create a positive impact in the real world. The technology behind NFTs and Why it matters? • Blockchain technology: A blockchain is a digital ledger, consisting of records called blocks that are used to record transactions and track assets. It is decentralized, distributed and most of all, public. • Social impact and Web3: Bloc",removed,0,below_threshold,content_single,,
news_ff0e87a1c97239566e4d,2022-05-03 14:10:00+00:00,2022,ACCESSWIRE,ARPA Integrated on E-Commerce Platform Uquid as Payment Method,"Agreement will see Uquid and ARPA enhance users' Web3 shopping experience with a higher level of safety and security SINGAPORE / ACCESSWIRE / May 3, 2022 /ARPA Chain, a leading blockchain-based layer-2 solution for privacy-preserving computation, andUquid, a pioneering crypto e-commerce platform utilizing DeFi features and convenient payment solutions, today announced a strategic partnership to integrate ARPA token on Uquid's shopping platform. The integration will allow ARPA token holders to pu",removed,0,below_threshold,content_single,,
news_763cfddcad15562e5698,2022-04-03 03:58:39+00:00,2022,Business Insider,Twitter founder Jack Dorsey said he's 'partially to blame' for centralizing the Internet and that he regrets it,"Jack Dorsey, CEO of Twitter and co-founder & CEO of Square, attends the crypto-currency conference Bitcoin 2021 Convention at the Mana Convention Center in Miami, Florida, on June 4, 2021. Marco Bello/AFP/Getty Images Jack Dorsey said ""centralizing discovery and identity into corporations really damaged the internet."" The Twitter founder, who resigned as CEO in November, said he partially blamed himself. Dorsey has previously supported efforts to decentralize the internet. Twitter founder Jack D",removed,2,threshold_2,content_single,,
news_965b03d15958acb9d3c1,2022-06-29 10:22:00+00:00,2022,GlobeNewswire,LD2: The Silver-Backed Crypto Comeback for the Successful Liberty Dollar (LD),"LAS VEGAS, June 29, 2022 (GLOBE NEWSWIRE) -- The original Liberty Dollar, a US-based alternative currency founded in 1998 — predating Bitcoin by a decade — has been reimagined for the crypto age asLD2, a precious metals-backed digital token protocol and cryptocurrency. Each LD2 token is a receipt for a custom-minted, one troy ounce silver or gold coin. Originally an Ethereum-based ERC-20 token, LD2 is now expanding the first issuance of its limited-edition LD2.zero digital tokens through a move ",removed,2,threshold_2,content_single,,
news_8833cfa751d577178f47,2022-07-09 09:47:02+00:00,2022,FX Empire,"Top 3 Trending Coins: ICP, UNI Surge As Key Levels Broken, XRP Lags","• Cryptocurrency prices look set to end the week near highs despite strong US jobs data underpinning Fed tightening expectations. • Bitcoin was last trading just above $21,500, while Ethereum found support above $1,200. • ICP and UNI are the best performers in the crypto top 50 while XRP is the laggard. It’s been a strong week for most major cryptocurrencies. Total crypto market capitalization is up by nearly $85 billion on the week and is currently around $935 billion. That’s an approximately 1",removed,2,threshold_2,content_single,,
news_6baaa81bf1d24ecd53a7,2022-01-18 14:38:20+00:00,2022,GuruFocus.com,"Mjp Associates Inc Buys Berkshire Hathaway Inc, JPMorgan Ultra-Short Municipal Income ETF, ...","Investment companyMjp Associates Inc(Current Portfolio) buys Berkshire Hathaway Inc, JPMorgan Ultra-Short Municipal Income ETF, Schwab U.S. Tips ETF, FIRST TR EXCH VII, Berkshire Hathaway Inc, sells BTC iShares Intermediate Government/Credit Bond ET, PIMCO Short Term Municipal Bond Active Exchange-Tr, The Travelers Inc, Block Inc, VanEck Investment Grade Floating Rate ETF during the 3-months ended 2021Q4, according to the most recent filings of the investment company, Mjp Associates Inc . As of ",removed,2,threshold_2,content_single,,
news_617000ffbb8418e69bbb,2022-11-17 12:21:00+00:00,2022,The Telegraph,FTX founder says he pretended to be ‘woke Westerner so everyone likes us’,"The founder of bust cryptocurrency exchange FTX has claimed he puffed up his ethical credentials as part of a “dumb game we woke Westerners play” to burnish his reputation “so everyone likes us”. Sam Bankman-Fried, the 30-year-old founder of collapsed cryptocurrency company FTX,admitted in an interviewthat his public stance on ethical issues was in part a “front”. The admission comes amid accusations that Mr Bankman-Fried scammed investors out of their money. Regulators around the world, includi",removed,0,below_threshold,no_bitcoin_evidence,,
news_fd228a94cdab17ed8548,2022-04-07 18:53:49+00:00,2022,TechCrunch,'NFT' app Sticky kicked out of Apple's App Store after operating for months,"Apple's approach to NFT apps is still something of a gray area. The company permitted NFT marketplaceOpenSea to launch an app, but only for browsing NFTs -- not for buying and selling them. The same goes forRarible's iOS app, which is described as an NFT browser for ""viewing"" blockchain collectibles. Other NFT apps offer similar discovery features. But the lack of official guidelines around NFTs on iOS has made it hard for app developers to know where the line is in terms of what's permitted and",removed,0,below_threshold,no_bitcoin_evidence,,
news_32d80b5b038dd2b66f02,2022-04-20 20:17:32+00:00,2022,InvestorPlace,Is Aurora Cannabis Stock a Buy?,The investors ofAurora Cannabis(NASDAQ:ACB) stock have been unimpressed by the pot company for quite some time now. ACB has been unprofitable and delivered results below expectations repeatedly in three of the last four quarters. ACB stock has declined62%since the last year and is trading68.5%below its 52-weeks high. A series of unsuccessful acquisitions has overleveraged the company’s balance sheet and weighed down its top-line and bottom-line growth. As such management instigated cost curtailm,removed,0,below_threshold,no_bitcoin_evidence,,
news_caea800154086fb3711a,2022-12-08 18:29:42+00:00,2022,InvestorPlace,7 Tech Stocks to Sell Before They Topple in 2023,"These days, there is a good deal of tech stocks to sell. After all, the days of long-shot tech companies like Virgin Galactic (NYSE: SPCE ), Ocugen (NASDAQ: OCGN ) , and Fubotv (NYSE: FUBO ) trading for 20 or 30 times their forward revenue estimates are long gone. Likewise, there are no longer any companies with viable business models, but tons of competition, trading at huge valuations. Among the stocks in the latter category back in the day were Teladoc (NYSE: TDOC ), Penn National (NASDAQ: PE",removed,0,below_threshold,no_bitcoin_evidence,,
news_9d7e45c8071ea3be9aec,2023-07-01 12:30:00+00:00,2023,Forkast News,Blockchain Alliance’s Raj Kapoor says the technology can reshape India’s governance systems,"The India Blockchain Alliance (IBA) was set up in 2018 byRaj Kapoor— an advisory board member at over 50 blockchain companies — based on the idea the technology could help reshape financial, social and governance systems in the world’smost populousnation and make them more decentralized, open and equitable. While India’s government has warned aboutrisksin cryptocurrency trading, ithas shown support for blockchaintechnology as have several states in India. Pune state is adoptingblockchainto recor",removed,1,below_threshold,content_repeated,,
news_6835724ffdaa8ba57cd4,2023-09-18 08:32:46+00:00,2023,CoinDesk,FTXs Crypto Liquidation Sales Unlikely to Cause Market Shock: Coinbase,"The sale of tokens held by bankrupt crypto exchange FTX will not result in a market shock due to several mitigating factors, Coinbase (COIN) said in a research report Thursday. For a start, the sale of tokens wont flood the market because liquidations are limited to $50 million per week in the first phase and then increase to $100 million in the following weeks, the report said. Coinbase notes that committees representing FTX debtors need to approve a permanent increase to a maximum of $200 mil",removed,1,below_threshold,content_repeated,,
news_49efbf45395bc9b2658f,2023-12-12 11:00:00+00:00,2023,Fortune,Politicians and regulators keep shouting that crypto is synonymous with fraud. Here’s why they’re wrong,"“Rife with fraud, manipulation, and money laundering.” That’s a fair summary of howregulators,legislators, andother criticsregularly describecrypto. Such claims are made so often that industry insiders seldom challenge them, and their reluctance to push back is understandable given high-profile scandals likeFTXandTerraLuna. That, however, does not make the claims correct. Crypto is a complex global ecosystem. It has operated in a legal and regulatory gray zone, but not for any nefarious reason. ",removed,1,below_threshold,content_repeated,,
news_16a0ef3432f674615f53,2023-02-08 16:09:27+00:00,2023,Fortune,"Binance says full audit of balance sheet to be delayed, cites ‘limitations’ of accounting industry","Binance, the world’s largest cryptocurrency exchange by trading volume, still hasn’t committed to a timeline for a complete accounting of its assets and liabilities. “It’ll take a longer time,” Leon Foong, Binance’s Asia-Pacific head,toldBloomberg. He said that, while the exchange plans to hire an auditor to fully leaf through the company’s balance sheet, the world’s largest accounting firms are still learning about the crypto industry, which has delayed the process. “It shows the limitations of",removed,0,below_threshold,content_repeated,,
news_b51a0352cd20afd2205b,2023-01-11 06:48:21+00:00,2023,Forkast News,DCG writes to shareholders to detail finances amid US$900 mln Twitter feud with Winklevoss,"Barry Silbert, founder and chief executive officer of the Digital Currency Group (DCG), wrote to his shareholders on Tuesday to provide more information about the financial relationship with its crypto lending subsidiary Genesis Global Capital. This follows speculation the company is in financial difficulties and accusations by Cameron Winklevoss, the co-founder of crypto exchange Gemini, who says the company made false statements. See related article:US prosecutors, SEC probes Digital Currency ",removed,0,below_threshold,content_single,,
news_9306bf08079afeee06c3,2023-12-15 17:00:00+00:00,2023,News Direct,Massive Ripple (XRP) Projection by Van Winkle – Everlodge (ELDG) to Solve Key Issues in the $280T Real Estate Sector,"El Paso --News Direct-- Total Media Crypto analyst that goes by Ripple Van Winkle on YouTube noted that the Ripple (XRP) crypto will see an influx of institutional money, and this, coupled with its deflationary properties could exponentially increase its price. Everlodge (ELDG) is also making significant waves among Web3 circles with its presale, as it solves key issues found in the $280 trillion real estate market that can make it a dominant force upon release. Today, we will dive into both pro",removed,0,below_threshold,content_single,,
news_9513c1704924a19f5ec0,2023-05-05 07:55:16+00:00,2023,Bloomberg,Turkish Opposition Warns on Risk of Violence If It Wins Election,"(Bloomberg) -- The presidential candidate of a six-party Turkish opposition alliance urged citizens to stay indoors if he wins next week’s elections to avoid the risk of confrontation with “armed elements” loyal to the government of Recep Tayyip Erdogan. Most Read from Bloomberg Buffett Reaffirms Abel as Heir, Blames Bank Leaders for Failures Justice Thomas Ethics Review Questioned by US Court Leader in 2012 Russia Says It Has Billions of Indian Rupees That It Can’t Use King Charles Crowned in S",removed,0,below_threshold,content_single,,
news_7cb5330f179a82d05713,2023-11-03 18:15:00+00:00,2023,Zacks,"Block's (SQ) Q3 Earnings & Revenues Beat Estimates, Up Y/Y","BlockSQ reported third-quarter 2023 adjusted earnings of 55 cents per share, beating the Zacks Consensus Estimate of 44 cents. The figure improved 31% year over year.Net revenues of $5.62 billion surpassed the Zacks Consensus Estimate by 3.89%. The top line increased 24.4% year over year.Year-over-year revenue growth was driven by strong momentum across the Cash App ecosystem, which contributed $3.59 billion to net revenues for the reported quarter, up 33.5% year over year.Block witnessed solid ",removed,0,below_threshold,content_single,,
news_9288903caec0fa6f3917,2023-09-12 02:00:00+00:00,2023,Forkast News,"Gaming blockchain Oasys partners Japan telco KDDI’s αU Wallet, αU Market in Web3 push","Oasys, a blockchain-based game development platform, will team up withnon-fungible token (NFT)marketplace αU market and cryptocurrency wallet αU Wallet – a crypto wallet by KDDI, one of Japan’s top three telecom companies – for users to trade NFTs on the αU market. See related article:Weekly Market Wrap: ETF developments bolsters Bitcoin above US$26,000 • This will enable users to buy and sell NFTs on Oasys in the αU market, manage the assets directly in the αU wallet, and transfer and deposit O",removed,2,threshold_2,content_single,,
news_3d788900a49604fd66db,2023-02-14 20:02:00+00:00,2023,PR Newswire,Integrated Ventures Discloses Corporate Plan and Q2/2023 Financial Results,"PHILADELPHIA , Feb. 14, 2023 /PRNewswire/ -- Integrated Ventures, Inc. (""INTV"") (""Company"") is scheduled to report quarterly financial results, after the market close on 02/14/2023, for the financial period, ended December 31, 2022 . Mining Revenues (Q1-Q2): · For reporting (Q2) financial period, the Company had generated revenues of $370,292.00 . · Total mining revenues for six months (Q1-Q2) period, were $925,657.00 . · Based on BTC pricing of $22,000 , INTV's monthly revenues for next quarter",removed,2,threshold_2,content_single,,
news_625de4ce8b6295b2db26,2023-10-18 01:14:36+00:00,2023,InvestorPlace,7 Stocks to Cash In on This Little-Known $22.5 Trillion Opportunity,"When it comes to big ideas, investing guru Cathie Wood has more than a few. As the manager of theArk Investfamily of exchange traded funds (ETFs), Wood boldly predictsBitcoin(BTC-USD)will be worth $1.5 millionby 2030 andTesla(NASDAQ:TSLA) stock will have a $2,000 per share price tag by 2027.So, Wood is not shy aboutlooking to the futureand guessing where the world will be. Her ETFs are representative of some of the most disruptive technologies available. From artificial intelligence (AI), roboti",removed,2,threshold_2,content_single,,
news_5dbe932178eeff6f6f1b,2023-11-29 16:52:07+00:00,2023,Bloomberg,"‘Diversity Dividend’ Eludes Property, Energy, Industrial Firms","(Bloomberg) -- Energy, materials and real estate firms are not reaping the “diversity dividend” which links multiracial management to better profitability, a new study of companies across eight industry sectors from shareholder activist group As You Sow shows. Most Read from Bloomberg • Wall Street’s Furious Bull Run Gets Reality Check: Markets Wrap • How Suspects Laundered Billions in Singapore for Years • Bitcoin Surges Past $42,000 Even as Stocks and Bonds Take a Hit • Israel’s Wider War Has ",removed,2,threshold_2,content_single,,
news_cb74d3c8ed56af6b2351,2023-05-25 21:43:42+00:00,2023,Business Insider,US stocks jump as Nvidia leads tech rally and investors wait on debt ceiling progress,"• US stocks were mostly higher Thursday as Nvidia led a strong rally in the tech-heavy Nasdaq. • The chipmaker saw its market cap close in on the $1 trillion mark after posting a glowing forecast. • Meanwhile, investors are still waiting on debt ceiling updates. US stocks were mostly higher Thursday, fronted by a strong rally in the Nasdaq Composite following the release of Nvidia's blockbuster quarterly results. The chipmaker posted a glowing forecast for the second-quarter, sending the stock o",removed,0,below_threshold,no_bitcoin_evidence,,
news_fe48e30c3059af38ab85,2023-12-06 22:34:39+00:00,2023,Business Insider,"US stocks rise as private payroll data comes in light, spurring more hope of Fed rate cuts","• US stocks rose on Wednesday as investors took in cooler private payrolls data. • ADP said firms added just 103,000 jobs last month, lower than expected. • Investors have raised their expectations for a coming Fed rate cut early next year. US stocks ticked higher on Wednesday as investors took in the latest private payrolls data and remained optimistic about monetary easing from the Federal Reserve. Companies added 103,000 jobs in November, according to ADP's latest employment report, lower tha",removed,0,below_threshold,no_bitcoin_evidence,,
news_996c0a51d151df00202f,2023-10-05 04:04:02+00:00,2023,Business Insider,US stocks rise as bond yields pull back from 16-year highs,"• US stocks moved higher on Wednesday, while bond yields declined Tuesday's highs. • ADP reported private payrolls climbed 89,000 in September, below forecasts of 160,000. • The 10-year Treasury pulled back from its highest mark since 2007, hovering around 4.72%. US stocks moved higher on Wednesday, as the 10-year US Treasury yield retreated slightly after hitting 16-year highs. The Dow Jones Industrial Average jumped more than 100 points and the Nasdaq Composite rose more than 1% after private ",removed,0,below_threshold,no_bitcoin_evidence,,
news_c0d8c471fb17575cf5e1,2023-02-20 12:40:28+00:00,2023,Insider Monkey,"Ironwood Pharmaceuticals, Inc. (NASDAQ:IRWD) Q4 2022 Earnings Call Transcript","Ironwood Pharmaceuticals, Inc. (NASDAQ:IRWD) Q4 2022 Earnings Call Transcript February 16, 2023 Operator:Good day, and welcome to the Ironwood Pharmaceuticals Q4 and Full Year 2022 Investor Update Conference Call. Today's call is being recorded. . Thank you. And I would now like to turn the conference over to Matt Roache, Director of Investor Relations. Please go ahead. Matt Roache:Thank you, Savanna. Good morning, and thanks for joining us for our fourth quarter and full year 2022 investor upda",removed,0,below_threshold,no_bitcoin_evidence,,
news_b7ff64659ebef76d2721,2024-03-07 00:59:14+00:00,2024,etf.com,"GOVT's $2B Leads Inflows, BND Tops Outflows: ETF Fund Flows as of March 6","Top 10 Creations (All ETFs) [{""Ticker"": ""GOVT"", ""Name"": ""iShares U.S. Treasury Bond ETF"", ""Net Flows ($, mm)"": ""2,036.70"", ""AUM ($, mm)"": ""24,718.75"", ""AUM % Change"": ""8.24%""}, {""Ticker"": ""IEFA"", ""Name"": ""iShares Core MSCI EAFE ETF"", ""Net Flows ($, mm)"": ""578.00"", ""AUM ($, mm)"": ""111,698.04"", ""AUM % Change"": ""0.52%""}, {""Ticker"": ""XLI"", ""Name"": ""Industrial Select Sector SPDR Fund"", ""Net Flows ($, mm)"": ""518.30"", ""AUM ($, mm)"": ""17,564.35"", ""AUM % Change"": ""2.95%""}, {""Ticker"": ""IYR"", ""Name"": ""iSha",removed,0,below_threshold,content_repeated,,
news_7464cd9434d6bf8973ae,2024-02-21 19:13:58+00:00,2024,CoinDesk,"The Protocol: Restaking Tokens Are Exploding, and Restaking Isn't Even Live","Those of us who follow the blockchain space closely know how quickly things can change, including hot stories like this week'snot-so-smooth airdrop of the new STRK tokensfrom the Ethereum layer-2 network Starknet. But occasionally a big trend comes along. That seems to be happening now, with ""liquid restaking protocols"" and their ""liquid restaking tokens"" or LRTs suddenly drawing in billions of dollars. CoinDesk's Sam Kessler weighs in on the phenomenon in this week's feature. Also this week: • ",removed,1,below_threshold,content_repeated,,
news_c8327a2d00097f5e2ea1,2024-01-19 00:45:17+00:00,2024,etf.com,TLT Adds 2% to AUM: ETF Fund Flows for Jan. 18,"Top 10 Creations (All ETFs) [{""Ticker"": ""TLT"", ""Name"": ""iShares 20+ Year Treasury Bond ETF"", ""Net Flows ($, mm)"": ""976.00"", ""AUM ($, mm)"": ""49,520.01"", ""AUM % Change"": ""1.97%""}, {""Ticker"": ""IVV"", ""Name"": ""iShares Core S&P 500 ETF"", ""Net Flows ($, mm)"": ""882.87"", ""AUM ($, mm)"": ""405,309.65"", ""AUM % Change"": ""0.22%""}, {""Ticker"": ""VOO"", ""Name"": ""Vanguard 500 Index Fund"", ""Net Flows ($, mm)"": ""539.94"", ""AUM ($, mm)"": ""377,264.77"", ""AUM % Change"": ""0.14%""}, {""Ticker"": ""EWJ"", ""Name"": ""iShares MSCI Jap",removed,0,below_threshold,content_repeated,,
news_ae66ed847cb0f0cbb0f5,2024-03-19 00:13:32+00:00,2024,Benzinga,"Solana Meme Coin Mania: BOME, SLERF And SNAP Print Millionaires Overnight","After the collapse of FTX Trading Ltd. in 2022, many wrote off Solana and thought that the project was dead. However, the project overcame the odds and has made, according to some, a complete comeback. The price recently surpassed the $200 level, and it is nearing its all-time high of $260 set in November 2021. Don't Miss: • If you invested $100 in DOGE when Elon Musk first tweeted about it in 2019,here’s how much you’d have today. • About 22% of the adult population in the U.S. own a share of B",removed,0,below_threshold,content_repeated,,
news_bf90f3328c066f27a19f,2024-01-19 18:26:29+00:00,2024,Bloomberg,Wall Street Counterattack on Gensler Hits SEC’s Foundations,"(Bloomberg) -- The fake news, supposedly from the SEC, arrived at precisely 4:11 pm. The real news, from Gary Gensler, came 15 minutes later. Most Read from Bloomberg Hedge Funds Rake in Huge Profits Betting on Catastrophe Risk Putin Orders Hunt for Property of Russian Empire, Soviet Union Burger King Is Serving Whoppers With a Side of Cringe The Easy Money Has Already Been Made in Bonds UAE Warns US Time Running Out to Avoid Wider Mideast Crisis The official X account of the Securities and Exch",removed,0,below_threshold,content_single,,
news_6dddb6bea3b0425e7d36,2024-03-13 12:15:00+00:00,2024,ACCESS Newswire,HotKey brings DeFi and AI Closer Together by Creating EVM on Bittensor,"DUBAI, UAE / ACCESSWIRE / March 13, 2024 /HotKey, a decentralized exchange that allows Telegram users to trade cryptocurrencies directly within the messaging app, has unveiled a new token standard that brings DeFi and artificial intelligence closer together. BTS-20 is designed to encourage mass adoption on Bittensor, a blockchain that consists of 32 distinctive subnets. Billed as the world's first neutral internet, it decentralizes the development of machine learning platforms - and transforms i",removed,0,below_threshold,content_single,,
news_b42be1ab504c218b8667,2024-01-24 07:22:20+00:00,2024,CoinMarketCap,OKX Promises To Compensate Users After Its Token's Flash Crash,"On Tuesday, January 23rd, 2024, the price ofOKB, the native token of the popular cryptocurrency exchange OKX, suddenly crashed over 48% within 15 minutes. The price plummeted from around $46.80 down to $25.10 before rapidly recovering. According to a statement released by OKX, the flash crash was triggered by the automatic liquidation of multiple large leveraged positions after OKB had initially dropped from $50.69 to $48.36. Thiscascading liquidationled to further liquidations of collateralized",removed,0,below_threshold,content_single,,
news_c57d87b3ad39c03e35ad,2024-02-13 05:08:16+00:00,2024,Business Insider,US stocks trade mixed as investors brace for January inflation data,"• US stocks saw mixed trades on Monday as investors brace for the upcoming release of the January CPI report. • The median forecast suggests year-over-year CPI will fall to 2.9%, a decline from the previous reading of 3.4%. • A continued decline in inflation might push the Federal Reserve to cut interest rates sooner rather than later. US stocks were mixed on Monday, with the Dow Jones Industrial Average closing at a record high while the S&P 500 and Nasdaq 100 edged lower. Investors are now bra",removed,0,below_threshold,content_single,,
news_cb06387f1e37b0ee4582,2024-04-08 19:30:13+00:00,2024,Benzinga,"Donald Trump Lost Over $3 Million In Crypto Last Month, MAGA Coin Down 61%","While former President Donald Trump has made headlines for many things, his relationship with crypto has been one of the more interesting and unforeseeable events. Trump has made millions from crypto over the past year, but the heightened volatility in crypto markets has caused his portfolio to fluctuate. Don't Miss: • If you invested $100 in DOGE when Elon Musk first tweeted about it in 2019,here’s how much you’d have today. • Bitcoin To $100,000?Here’s what gold bug Peter Schiff said could hap",removed,2,threshold_2,content_single,,
news_5daa98a5e76b61c2e922,2024-03-12 12:34:50+00:00,2024,Bloomberg,"SAP, Siemens Energy Mask Sagging German Earnings","(Bloomberg) -- Investors glancing at Germany’s benchmark DAX Index, hovering near a record high reached earlier in March, might be forgiven for thinking companies in Europe’s largest economy are firing on all pistons. Most Read from Bloomberg • US Probing Indian Billionaire Gautam Adani and His Group Over Potential Bribery • A $2 Billion Airport Will Test Modi’s Mission, Adani’s Ambitions • Fed Seen Sticking With Three 2024 Cuts Despite Higher Inflation • Bitcoin Extends Retreat From Record as ‘",removed,2,threshold_2,content_single,,
news_606fbe01f457de6773c8,2024-01-09 15:56:37+00:00,2024,Bloomberg,Somalia Leader Warns He Will Fight Against Ethiopia Red Sea Plan,"(Bloomberg) -- Somalia’s President warned he would take “all necessary measures” to defend his country should neighboring Ethiopia make further steps toward securing direct passage to the Red Sea via Somaliland, a breakaway region of Somalia. Most Read from Bloomberg SEC X Account Compromised to Falsely Say Bitcoin ETFs Approved Amazon’s Twitch to Cut 500 Employees, About 35% of Staff US and Allies Met Secretly With Ukraine on Peace Plan BlackRock Cuts 3% of Global Workforce, Citing Dramatic Ind",removed,2,threshold_2,content_single,,
news_3fc83bd9de8528674b57,2024-01-11 20:32:04+00:00,2024,Reuters,"FOREX-Dollar down on day, but off lows after hotter than expected inflation","(Updated at 1500 EST) By Karen Brettell NEW YORK, Jan 11 (Reuters) - The dollar was down on the day against the euro and the yen on Thursday but off lows reached before data showed that U.S. consumer price inflation came in above economists' expectations in December, raising some doubts that the Federal Reserve will cut rates as soon as traders expect. Bitcoin also surged to a two-year high as several exchange-traded funds (ETFs) tied to the spot price of the cryptocurrency began trading. The he",removed,2,threshold_2,content_single,,
news_5f01c47c7f97d5fdacdf,2024-03-20 23:35:58+00:00,2024,InvestorPlace,3 Tech Stocks to Buy Beyond the Mega-Cap Heavyweights,"The Magnificent Seven stocks continue to generate a fair amount of ink in the media. And for good reason. The seven mega-captech stockswere responsible for nearly two-thirds of the benchmark S&P 500 index’s24% gain in 2023. Six of the seven stocks can be found amongthe 10 largest companiesin the world based on market capitalization. The stocks dominance and influence is unquestioned. That said, there are many smaller tech stocks that are equally appealing and have the potential to offer investor",removed,0,below_threshold,no_bitcoin_evidence,,
news_9d9cecdbfeb6a7f655c2,2024-01-11 12:05:00+00:00,2024,InvestorPlace,7 A-Rated Semiconductor Stocks to Buy in January,"You probably made a pretty penny if you invested insemiconductor stocksin 2023. And if you want to keep the profits rolling in during 2024, find the best semiconductor stocks to buy. Semiconductor stocks can be smart for those who are looking for solidgrowth stocks. As technology evolves, semiconductors continue to play an important role in modern society. For instance, electric vehicles largely depend on semiconductors. A single vehicle needs several hundred semiconductors to power its electron",removed,0,below_threshold,no_bitcoin_evidence,,
news_d462328f70cd904b03d9,2024-01-16 13:11:26+00:00,2024,Insider Monkey,"BlackRock, Inc. (NYSE:BLK) Q4 2023 Earnings Call Transcript","BlackRock, Inc. (NYSE:BLK) Q4 2023 Earnings Call Transcript January 12, 2024 BlackRock, Inc. beats earnings expectations. Reported EPS is $9.66, expectations were $8.84. BlackRock, Inc. isn’t one of the 30 most popular stocks among hedge funds at the end of the third quarter (see the details here). Operator:Good morning. My name is Jennifer, and I will be your conference facilitator today. At this time, I'd like to welcome everyone to the BlackRock, Inc. Fourth Quarter 2023 Earnings Teleconferen",removed,0,below_threshold,no_bitcoin_evidence,,
news_88246f1a74b65a6aa1ae,2024-03-19 13:09:14+00:00,2024,Insider Monkey,Nano Labs Ltd (NASDAQ:NA) Q4 2023 Earnings Call Transcript,"Nano Labs Ltd (NASDAQ:NA) Q4 2023 Earnings Call Transcript March 18, 2024 Nano Labs Ltd isn't one of the 30 most popular stocks among hedge funds at the end of the third quarter (see the details here). Operator:Ladies and gentlemen, thank you for standing by. Welcome to Nano Labs' Second Half of Fiscal Year 2023 Earnings Conference Call. [Operator Instructions]. This conference is being recorded today, Monday, March 18, 2024. Joining us today from Nano Labs are the company's Chairman and Chief E",removed,0,below_threshold,no_bitcoin_evidence,,
news_3e51e542f1fbc49a89d7,2018-09-21 13:13:00+00:00,2018,Yahoo Finance,"Novogratz calls crypto bottom, says prices will move back","Former macro hedge fund manager Mike Novogratz, now a prominent investor in cryptocurrencies, thinks bitcoin ( BTC-USD ) will go through a “Renaissance” soon. Specifically, Novogratz expects the big institutional investor to get involved in the space. Naturally, the first place they’ll go is bitcoin before moving out to the other coins in the ecosystem. The founder of crypto merchant bank Galaxy Digital, Novogratz worked on Wall Street for many years, including as a partner at Goldman Sachs and ",retained,3,score_3,content_repeated,,
news_4e1ca8215ca421ccb0c9,2018-10-01 08:00:58+00:00,2018,CoinDesk,"Up 80%: XRP's September Wasn't Just Bullish, It Was Record-Setting","XRP sprang back to life in September despite a relatively bearish broader market. Over the course of the 30-day period, the price of the world's largest cryptocurrency, bitcoin (BTC), dipped a modest 5 percent.ÂMost cryptocurrencies succumbed to the same fate, butÂsome were able to pick up a bid. However, none saw bigger gains thanÂ XRP, whose performance in SeptemberÂwasn't just bullish, it was record-setting. On September 21 alone, the price of XRP shot up more than75 percentand ended the day ",retained,3,score_3,content_repeated,,
news_0f768e36c1fb2a3396b2,2018-04-22 16:00:17+00:00,2018,BGR News,Walmart is jumping on the crypto bandwagon with two blockchain patents,"While the majority of the world is having fun watching Bitcoin go up and down faster than a yo-yo, companies are scrambling to get in on the craze. In some cases, that just means announcing a “pivot to Bitcoin” and watching your company die; in other instances, it means taking the underlying technology of blockchain and applying it to conventional retail. The blockchain is a “distributed ledger” that powers cryptocurrencies. It’s key to the decentralized nature of cryptocurrencies, as it enables",retained,3,score_3,content_repeated,,
news_bef94cfdf749dd717f41,2018-04-26 07:27:00+00:00,2018,Investing.com,Cryptocurrency Prices Down; Nasdaq May Open Crypto Exchange,"Investing.com - Cryptocurrency prices were down on Thursday. Reports that Nasdaq’s CEO voiced support for the digital coins gathered some attention. Meanwhile, U.S. state Wisconsin is considering accepting Bitcoin for donation. Bitcoin was trading at $8,860.5 by 12:30AM ET (04:30GMT) on the Bitfinex exchange, down 5.74% over the previous 24 hours. Ethereum, the world’s second largest cryptocurrency by market cap, shed 5.43% at $621.74 on the Bitfinex exchange. Ripple’s XRP token lost 5.08% to $0",retained,3,score_3,content_repeated,,
news_9d02d610586664457684,2018-08-06 20:19:09+00:00,2018,CCN,Chinese Investor Sues OKCoin over Bitcoin Cash from Last Years Hard Fork,"Bitcoin cash hard fork A Chinese investor has filed a lawsuit against cryptocurrency exchange OKCoin regarding more than 38 bitcoin cash that he claims the platform failed to distribute to him following last years hard fork, according to a charge sheet on LegalWeekly . The plaintiff, known only by the pseudonym Feng Bin, claims he was expecting to get the BCH airdrop that occurred when the cryptocurrency hard forked away from the main Bitcoin blockchain. Upon attempting to withdraw the 38.748",retained,2,threshold_2,content_repeated,,
news_14b37d081b3604f8dad8,2018-02-18 05:33:41+00:00,2018,FX Empire,"Bitcoin Cash, Litecoin and Ripple Daily Analysis – 18/02/18","Bitcoin Cash had a good start to the weekend, gaining 6.66% on Saturday to end the day at $1,629.5, outshining the likes of Litecoin that is considered to be one of Bitcoin Cash’s main competitors. The gains cement Bitcoin Cash in 4thplace in the crypto rankings, with a market cap of $26.95bn, as Litecoin continues to sit a distant 5thwith $12.64bn, much depending upon the success of LitePay that’s due for release in a week’s time. Perhaps of significance will be how Bitcoin, Bitcoin Cash, Ether",retained,2,threshold_2,content_repeated,,
news_1ef4abadccebf10b0e4d,2018-02-21 19:10:22+00:00,2018,Yahoo Finance,Conversations with leaders of the crypto industry,"Listen to the Yahoo Finance Present Podcast here or on Apple Podcasts , Google Play or Stitcher . It should come as no surprise that the CEOs of Blockchain and Chain, two leading companies in the bitcoin and blockchain industry, have both personally bought into cryptocurrencies. But their investing strategies sound different, and a lot more restrained, than the broader, vocal crypto crowd. At the Yahoo Finance All Markets Summit: Crypto, Peter Smith and Adam Ludwin share their thinking with Yaho",retained,2,threshold_2,content_repeated,,
news_fbae3b8e45b38a311d0d,2018-05-06 19:11:30+00:00,2018,TechCrunch,"Enterprise wasn’t ready for blockchain, so Manifold brought its ledger to consumers instead","While the cryptocurrency craze last year brought more consumer attention to blockchain technology, the future of this movement will be in the enterprise. Blockchain’s true potential is its ability to replace the archaic and centralized infrastructure that powers everything from payments to land registries with digital-first, decentralized, and trusted networks of data. Skepticism, though, abounds.Jamie Dimon,CEO of J.P. Morgan Chase, hascalled bitcoin a “fraud,”only towalk back those comments la",retained,2,threshold_2,content_repeated,,
news_8213d4d68ec17f92adfb,2018-04-10 20:20:16+00:00,2018,CoinDesk,"Bear Market 'Largely Over,' Crypto Fund Manager Claims","Timothy Enneking, managing director of Crypto Asset Managment, LP, said Monday that the winter in cryptocurrency markets is ""largely over."" Crypto Asset Management, which was founded last year and has roughly $20 million in assets under management, saw itsÂCAMCrypto30Â cryptocurrency index fall by 69 percent since its high in January. Enneking sees four reasons for the collapse. Asset consolidation, regulatory concerns, massive liquidation by the Mt. Gox trustee and startups' selling crypto asse",retained,3,score_3,content_specific,,
news_817d8250a3dbf24a7788,2018-01-22 08:32:14+00:00,2018,FX Empire,"Cryptomarket in Recovery, Led by Stellar Lumens","It’s a 2ndrising from the dead for the cryptocurrencies, with last week’s Wednesday sell-off still fresh in the minds of the investor, though looking at the moves through the early part of today, one could be mistaken for thinking that its risk on and investors have managed to spend the weekend recovering from last week’s volatility, with new found optimism going into the week. It’s certainly been a rollercoaster of a January, with the cryptomarkets having entered the New Year with high hopes of",retained,3,score_3,content_specific,,
news_6f83a256b55ba037df0e,2018-01-26 16:19:38+00:00,2018,Business Insider,$400 million of cryptocurrency disappeared on a Japanese exchange — and no one knows what happened,"• $400 million worth of cryptocurrency has disappeared from a Japanese exchange. • About 500 million NEM coins vanished, according to officials at CoinCheck. About $400 million worth of cryptocurrency has vanished and no one is sure exactly what happened. CoinCheck, a prominent cryptocurrency exchange based in Tokyo, said 500 million NEM coins vanished after they were ""illicitly"" transferred off the exchange, according to aBloomberg News report. ""Company officials said during a late night press ",retained,3,score_3,content_specific,,
news_a82469b4207bfd6c6232,2018-12-27 15:58:14+00:00,2018,Benzinga,Bitcoin Cash Price Analysis: Network Stabilizes; BCH/USD Breaks Bear Flag Pattern,• Bitcoin Cash investors received an early Christmas gift with the fueled and incredible recovery. • Bitcoin Cash could close 2018 trading below $200. Bitcoin Cashhas proved to the investors that it has the ability to reverse a downtrend significantly. This comes after the digital asset corrected from the lows formed around $73.36 to highs around $229.65 in less than one week. The upside retracement is likely due to the stability the network is nurturing following the hard fork on November 15. T,retained,3,score_3,content_specific,,
news_85abcececa3b05b7edd0,2018-01-10 07:59:51+00:00,2018,FX Empire,"Bitcoin Cash, Litecoin and Ripple Daily Analysis – 10/01/18","While Big Brother and Bitcoin Gold struggle through the early part of the day, it’s not been a bad morning for Bitcoin Cash, rising 2.17% to $2,421.8 and seemingly unaffected by the declines in the Bitcoin futures market today. A lack of government and regulator chatter this morning has eased some of the angst felt within the cryptomarkets, though the risk continues to linger, with Bitcoin Cash and the rest continuing to be sensitised to it. While Bitcoin Cash has been on the rise this morning, ",retained,4,score_4_plus,content_specific,,
news_43b190c80e67ba7eb887,2018-06-07 14:04:04+00:00,2018,Bitcoin Magazine,From Chatroom to Classroom: The Evolution of Blockchain Education,"With the creation of Bitcoin and its blockchain, Satoshi Nakamoto introduced an entirely new practical application for cryptography, unearthing an unexplored area for computer science and technological development. In the years following the technology’s inception, community demand for instructional information and educational materials began to rise. Soon after Nakamoto bootstrapped the network, coders would look for guidance on developing the software, business heads would look for information",retained,5,score_4_plus,content_specific,,
news_7a448864440861d2384b,2018-04-27 15:00:37+00:00,2018,CoinDesk,Court Forces Chile's Banks to Reopen Crypto Exchange Accounts,12 Chinese Banks Say They Deployed Blockchain in 2017 • CFTC Officials Want Close Cooperation With SEC on Crypto Rules • Bitcoin Futures Trading Questioned By Chinese National Media,retained,4,score_4_plus,content_specific,,
news_b001e70863375f1ff2c9,2018-01-17 18:44:04+00:00,2018,Yahoo Finance,Asia has huge influence on cryptocurrency market,"Too often over the past couple of years, whenever the price of bitcoin sank, even by 5%, mainstream media would rush to call it a crash. Given the volatility of bitcoin, the price would frequently regain its losses within a day or two, making the alarmist headlines look silly. But this time, its a bona fide crash. The entire cryptocurrency market was seeing deep red on Tuesday morning, with most of the top coins down by more than 15%, and they were still plunging Wednesday afternoon. Bitcoin ",retained,5,score_4_plus,content_specific,,
news_027c4b54086b0edb8a6d,2018-01-19 03:43:23+00:00,2018,CNBC,SEC says it's worried about 'significant' issues with cryptocurrency ETF plans,"The U.S. Securities and Exchange Commission indicated Thursday it would not be open to approving cryptocurrency exchange-traded funds until concerns related to rules aimed at protecting investors are addressed. ""We believe ... that there are a number of significant investor protection issues that need to be examined before sponsors begin offering these funds to retail investors,"" Dalia Blass, director of investment management at the SEC, wrote in a letter addressed to two U.S. trade groups. ETFs",retained,2,threshold_2,content_specific,,
news_899dda5e81b97b9abdc2,2018-09-20 09:38:00+00:00,2018,ACCESSWIRE,Qtum Celebrates First Year with New 0.16 Update,"SINGAPORE / ACCESSWIRE / September 20, 2018 /After the first full year of operation, blockchain protocol QTUM hasplenty to celebrate, both for its future and its already illustrious past. In its short time on the market QTUM has achieved several transformative successes and is aiming for much grander things with new initiatives and a new roadmap for 2019 and beyond. Among the most significant milestones during QTUM's year one was the launch of its mainnet and essential advances in the research a",retained,2,threshold_2,content_specific,,
news_a11d493644add1aa9457,2018-12-25 20:40:20+00:00,2018,CCN,Wall Street is Backing Out of Crypto,"Wall Street is quietly moving out of the crypto market,Bloomberg reports. While the market has continued to be battered by news of fraud and imminent regulatory crackdowns, there was a time when it seemed like Wall Street had started to warm up to the rise of crypto assets. Last year, when the crypto industry enjoyed what was probably the biggest bull run in its history, it seemed a lot of mainstream financial companies were also ready to join the bandwagon. Names like Goldman Sachs, Fidelity In",retained,2,threshold_2,content_specific,,
news_b0b1d2f5497ebb68b075,2018-12-22 10:30:50+00:00,2018,CCN,Opinion: How To Cherry-Pick Cryptocurrencies?,"Some metrics are used time and time again to help technologists claimsome sort of supremacyfor their protocol. There are two that stand out: transactions per second and market capitalization; however, are these two metrics what matters when picking whatcryptocurrencies to invest in? The ability of cryptocurrenciesto scaleis constantly in question, and the best way to measure their ability to handle a higher capacity is by looking at how many transactions can be processed by a particular cryptocu",retained,2,threshold_2,content_specific,,
news_90c753ac40f4f8c3c711,2018-11-08 18:56:00+00:00,2018,Newsfile,AppSwarm and SinglePoint's Bitcoin Wallet SingleCoin Pushes out New Ethereum Update,"Tulsa, Oklahoma--(Newsfile Corp. - November 8, 2018) - AppSwarm, Inc. (OTC Pink: SWRM) has pushed out a new update to the SingleCoin wallet it has built in association with SinglePoint (SING). SingleCoin (https://singlecoin.com/) is an easy and secure crypto wallet. You can already store, send, and receive Bitcoins. AppSwarm is proud to announce that it has now added full support for the Ethereum currency to the SingleCoin wallet. Key Features: * No Signup Required * Easily send Bitcoins and Eth",retained,3,score_3,title_primary,,
news_032676d1d95477ede97b,2018-04-02 12:30:05+00:00,2018,CCN,To Russia with Bitcoin: Hotels Will Accept Cryptocurrency During the World Cup,"The world’s biggest sporting event is just a few months away and fans are flocking to online websites to book their seats in Russia. Luckily for crypto users, Kaliningrad, one of the cities hosting the matches, is now offering cryptocurrency payments for hotel rooms. Buying Business TravelRussia reported that Apartments Malina has teamed up with the online payment system, Free-Kassa, to allow users to purchase rooms with cryptocurrencies. A total offour matcheswill be played in Kaliningrad on Ju",retained,3,score_3,title_primary,,
news_f79a6e5c3448cf60464b,2018-03-05 13:32:57+00:00,2018,Yahoo Finance,"Dow to open in the red, Bitcoin soars past $11K","Yahoo Finance’sAlexis Christoforous,Jared Blikre,Rick Newman,Ethan Wolff-MannandMelody Hahmdiscuss the big stories of the day. Today’s Topics • South Korean delegation meets with Kim Jung Un • Amazon to launch branded checking accounts • #OscarsSoWhite to #OscarsSoWoke • State Dept. hasn’t spent any money fighting Russian meddling • Trump debates president-for-life status • Italian voters shun establishment parties • Florida Senate to debate program to arm teachers • Cold weather beats down on N",retained,3,score_3,title_primary,,
news_a6fa727266ab42fc65cb,2018-01-11 16:39:05+00:00,2018,Yahoo Finance,"Stocks in the green, Bitcoin tanks after South Korea threatens to ban trading","Stocks (^DJI,^GSPC,^IXIC) are in the green after ending yesterday’s trading day in the red. All the sectors are in the green, with the energy (XLE) sector leading the pack.Yahoo Finance’s Jared Blikrejoins us live from the floor of the New York Stock Exchange to talk markets.To discuss the other big stories of the day,Yahoo Finance’s Seana Smithis joined byRick Newman,Jen Rogers,andBrittany Jones-Cooper.Seana also talks toNorwegian Cruise Line CEO Frank Del Rioabout the company’s recent transfer",retained,3,score_3,title_primary,,
news_b15bf74ea784731c1a44,2018-12-14 16:37:02+00:00,2018,CCN,"Newsflash: Bitcoin Price Slinks Below $3,175 for First Time in 2018","In what is becoming a disturbingly common occurrence, the bitcoin price on Friday set yet another fresh yearly low, slinking below the $3,200 mark for the first time in 2018. The flagship cryptocurrency’s move below $3,200 came shortly after 16:10 UTC, following anunsuccessful breakout attemptearlier in the week. As of the time of writing the bitcoin price was trading at $3,187 on Bitstamp after briefly dipping as far as $3,171. The total cryptocurrency market, meanwhile, had seen its valuation ",retained,6,score_4_plus,title_primary,,
news_5db2f20ce8a126e5f9d3,2018-07-06 09:27:07+00:00,2018,CCN,Israel Bitcoin Exchange Agrees to Share Customer Info with Tax Authority,"Bits of Gold, a major Israeli cryptocurrency exchange, has entered an agreement to share customers’ transaction details with the country’s tax authority. Under the terms of the agreement, Israeli cryptocurrency exchange Bits of Gold will provide information of clients who have made transactions exceeding $50,000 over the last 12 months to the Israel Tax Authority, local publicationCalcalistreports citing sources familiar with the agreement. While Israeli law dictates that financial brokerages ar",retained,6,score_4_plus,title_primary,,
news_ec9f79f62ca5bfb12ada,2018-10-06 03:56:28+00:00,2018,FX Empire,Bitcoin – Is That the Bottom? The SEC May Have a Final Say on That,"Bitcoin gained 0.74% on Friday, following on from Thursday’s 1.34% rise, to end the day at $6,640, a 2ndconsecutive day of gains taking Bitcoin into positive territory for the current week, Bitcoin up 0.27% Monday through Friday. A choppy start to the day saw Bitcoin slide from a start of a day morning high $6,626.06 to an early morning intraday low $6,506.6, calling on support at the day’s first major support level at $6,507.47 to move back through to $6,600 levels by mid-morning. Relatively ra",retained,8,score_4_plus,title_primary,,
news_bc64c973d1708e07308d,2018-04-24 20:02:50+00:00,2018,Reuters,Bitcoin climbs to six-week high as market sentiment improves,"By Gertrude Chavez-Dreyfuss NEW YORK (Reuters) - Bitcoin rose to a six-week high on Tuesday on positive headlines that included the possible entry of major financial institutions into the space, lifting sentiment on the overall cryptocurrency market. The virtual currency gained after a brutal 50 percent loss in the first quarter of the year, following a nearly 1,400 percent surge in 2017. On Tuesday, bitcoin climbed in six of the last seven sessions. It was last up 4.4 percent at $9,340.88 on th",retained,6,score_4_plus,title_primary,,
news_a157d85b325c4ff33ad0,2018-12-12 18:15:29+00:00,2018,Bitcoin Magazine,Prosecutors Seek 10-Year Jail Sentence for Karpeles Over Mt. Gox Embezzlement,"Former Mt. Gox CEO Mark Karpeles has run into trouble in the Japanese legal system, and prosecutors are pursuing a 10-year jail sentence for alleged embezzlement during his tenure atMt. Gox. According to a local Japanesenews outlet, Karpeles is under indictment for embezzling 341 million yen ($3 million USD) of customer funds into his own personal account. The indictment apparently also alleges that Karpeles “manipulated data on his company's trading system to pad the balance.” As Mt. Gox was ba",retained,3,score_3,title_specific,,
news_8df5426df687dfa78ca5,2018-10-22 20:22:28+00:00,2018,Bitcoin Magazine,Op Ed: Why Satoshi Nakamoto Deserves a Nobel Prize,"Alfred Nobel died with regrets. After making a fortune off of explosives, he indicated in his will that his fortune should be used to make a prize awarded each year to those who “conferred the greatest benefit to humankind.” By all accounts, his namesake award has been a success — winners are curing cancer, ending wars and discovering exoticbosons. Only a handful of humanity has won a Nobel Prize — be it in medicine, physics, chemistry, literature, economics or peace — all of them distinguished ",retained,3,score_3,title_specific,,
news_b95a20f18d744fef182a,2018-01-26 23:05:14+00:00,2018,CoinDesk,"Numbers or Not, Coincheck Isn't Mt. Gox","UPDATE (27, January 20:47 UTC):Coincheck has detailed its compensation policy for customers whose XEM was stolen. It will repay them 88.549 Japanese yen (about $0.81 U.S.) per stolen coin, out of its own funds, according to a Google translation of the exchange'spress release. With 523 million XEM taken, according to the latest estimate. that would bring the total company payout to more than $420 million. The timing of the repayment is still ""under consideration."" The last time a Japanese cryptoc",retained,3,score_3,title_specific,,
news_453a17f6c642081ab577,2018-04-05 17:59:15+00:00,2018,CCN,Lightning Network Wallet Eclair Now Available on Mobile,"Bitcoin users can now access the Lightning Network (LN) through their mobile devices, thanks to a new release from French cryptocurrency startup ACINQ. On Wednesday, the Paris-based developer released the first mainnet version ofEclair Wallet, a mobile Lightning wallet compatible with Android devices versions 5.0 and up. The app is the first mobile wallet to add LN support, a key development given that one of the LN’s chief use cases is everyday payments. Eclair — which is written in Scala — is ",retained,5,score_4_plus,title_specific,,
news_0640cd83f2cc5f504897,2018-04-06 20:31:19+00:00,2018,Bitcoin Magazine,First Lightning Network Wallet App Now Available via Google Play,"The Lightning Network’s first mobile app for Bitcoin’s mainnet isnow availablethroughGoogle Play. Known as the Eclair Wallet, the app was released on April 4, 2018, via French technology startup ACINQ, and is being offered specifically to Android users. Devices employing software version 5.0 or higher can send Lightning payments, which require significantly lower fees than the standard Bitcoin network. Transactions also happen much faster compared to on-chain confirmations. Describing the new pr",retained,5,score_4_plus,title_specific,,
news_dfc6e7cdb539b7780cb5,2018-09-25 16:54:13+00:00,2018,Bitcoin Magazine,Mt. Gox Trustee Confirms He Sold off $230 Million in Cryptocurrency,"A man known as “Tokyo Whale,” for the enormous amount of bitcoin he controls, confirms he unloaded another big chunk of it earlier this year. Nobuaki Kobayashi, the trustee of now-defunct Tokyo exchange Mt. Gox, liquidated 24,658 bitcoin and 25,331 bitcoin cash between the creditors’ meeting on March 7, 2018, and the start ofcivil rehabilitation proceedingson June 22, 2018, according to anannouncementposted on theMt. Goxwebsite on September 25, 2018. As a result, the estate hauled in about 26 bi",retained,5,score_4_plus,title_specific,,
news_872d92357bd8d739dab3,2018-12-20 17:15:13+00:00,2018,Bitcoin Magazine,Sold! Lightning Network Art Auction Goes to the Lowest Bidder,"Yesterday, anauctionwas held by cryptocurrency and blockchain artist @cryptograffiti for a piece titled “black swan,” which the artist made using “fiat and counterfeit detector pen ink.” The artist, who became involved with bitcoin in 2013, held the auction on a website where users could only bid via Lightning Network micropayments, with the first person to bid the smallest amount being the winner. Cryptograffiti andBitcoin Magazinewould like to take this opportunity to announce the winner of th",retained,5,score_4_plus,title_specific,,
news_34e931408a25975d2cbe,2018-04-05 14:24:29+00:00,2018,TechCrunch,"Benchmark just funded Chainalysis, the crypto intelligence company that helped crack the Mt. Gox case","When the virtual currency exchange Mt. Gox collapsed into bankruptcy in 2014 following the disappearance of hundreds of thousands of bitcoins and tens of millions of dollars, those who lost money were understandably furious. For a small group of people, however, the theft -- likely masterminded, we now know, by a Russian cybercrime suspect who wasarrested in Greecethis past summer -- would prove auspicious. Specifically, Michael Gronager, who was then COO of theKrakenbitcoin exchange, spied an o",retained,2,threshold_2,title_specific,,
news_bcf382d81b554073a1e5,2019-04-17 09:04:43+00:00,2019,Yahoo Finance UK,Crypto winter: Tezos' Arthur Breitman and IOTA's Dominik Schiener on price crash,"A Bitcoin exchange shop in Krakow, Poland. Photo: Artur Widak/SIPA USA Entrepreneurs building cryptographic projects and blockchain technology think the crash in cryptocurrency prices is actually good for business. “I’m going to repeat something that everyone says in this ecosystem but it’s true: when you’re in crypto winter, people actually are building cool technology as opposed to watching prices on the ticker and I think that’s healthy,” said Arthur Breitman, one of the developers of Tezos, ",retained,3,score_3,content_repeated,,
news_5fef78849fbd0374c28f,2019-03-02 12:00:48+00:00,2019,Coin Rivet,David Thomas: Adoption should not be underestimated,"Over the years, there have been many innovative technologies and products that have thrived, emerged slowly or ultimately died as a result of how they were adopted by the wider market. Bitcoin has made significant inroads to changing the way the world thinks about finance and technology, along with other coins that have also made a valid contribution. However, most see Bitcoin and other blockchain-based technologies as individual currencies – when, in fact, they should be thought of as open fina",retained,3,score_3,content_repeated,,
news_07fc965e6d747a89c3c2,2019-06-21 09:08:03+00:00,2019,CCN,Facebook’s Crypto Libra is a Huge Deal – Just Not for the Reason you Think,"Facebook's crypto project Libra offers a compelling look into the future of digital money. | Source: Shutterstock By CCN Markets : With the release of its whitepaper , Facebook officially announced its cryptocurrency, Libra. It now joins JP Morgan and Atletico Mineiro among the ranks of non-blockchain businesses with their own crypto. What does this mean for cryptocurrency? Will we finally get that LAMBO MOONSHOT we’ve been waiting for, that orgy of FOMO that sends bitcoin to $1 million? Or will",retained,3,score_3,content_repeated,,
news_f92de212774f68a684f1,2019-05-06 12:30:47+00:00,2019,CoinDesk,"Crypto Crime Blotter: Scammers Dupe Jersey Island Man Out of £1.2 million, Backpage Laundered Cash With Crypto","Another week, another bunch of crypto crimes. In what we hope will be a regular series of posts, we’ve rounded up the week’s biggest bits of crypto crime. First up? A Isle of Jersey victim who sent £1.2 million to scammers who pretended to offer him or her bitcoin. The scammers – who authorities claim came from Norway – spent 18 months convicing the unnamed victim to give up their life savings for a “surefire” investment in crypto. The scammers then disappeared. NYPD Warns $2 Million Stolen in S",retained,3,score_3,content_repeated,,
news_454ac88f2f08ac346fb7,2019-02-10 12:13:00+00:00,2019,Cointelegraph,SEC ‘Crypto Mom’: Delay in Crypto Regulation May Allow More Freedom for Technology,"A commissioner of the United States Securities and Exchange Commission ( SEC ) said Friday, Feb. 8, that the delay in establishing crypto regulation may allow more freedom for the industry to move on its own. Heister Peirce, who is widely known as the “Crypto Mom” in the community for her dissent against the SEC’s decision to reject a Bitcoin (BTC) exchange-traded fund ( ETF ) proposed by the Winklevoss twins, made the comments in a speech on the issues of state regulation at the University of M",retained,2,threshold_2,content_repeated,,
news_5b954788473779842436,2019-03-13 16:20:35+00:00,2019,CCN,"Tron Tycoon Flaunts Crypto Fortune, Trolls Elon Musk with Tesla Giveaway","Tesla CEO Elon Musk has yet to add bitcoin as a payment method, but for the crypto community, the door is always open. Tron CEO Justin Sun is putting his money where his mouth is, announcing a $20 million free cash airdrop that includes a Tesla for one follower. Sun wants to celebrate the resounding success of his latest baby, BitTorrent (BTT), and theaddition of USDT on Tronlater this year. To allay any fears that his account had been compromised in yetanotherTwitter crypto giveaway scam,Sun fo",retained,2,threshold_2,content_repeated,,
news_ec3da9081e3c92ff83cf,2019-02-26 17:06:48+00:00,2019,CCN,Why Nasdaq’s Real-Time Crypto Data Portal Might Soon List Ripple,"ripple cryptocurrency Ripple (XRP) is on a winning streak right now. Yesterday, the world’s third-largest cryptocurrency jumped 12% higher after Coinbase confirmed it would list XRP on its Coinbase Pro platform . Now there’s an XRP index in the works, and there’s a good chance it will be listed on the Nasdaq , the world’s second-biggest stock exchange. Bitcoin and Ethereum Indexes Now Live on Nasdaq On February 25, Nasdaq launched the long-awaited bitcoin and ethereum indexes on its platform. Re",retained,2,threshold_2,content_repeated,,
news_2e4455f0c0d24e68b096,2019-03-30 01:25:00+00:00,2019,Cointelegraph,Experts: Ethereum Losing Ground to New Networks,"TheEthereumnetwork is losing ground as developers switch to other projects, various expertstoldBloomberg on March 28. Ethereum, which debuted in 2015, initially provided a platform on which developers could build decentralized apps (DApps), conduct initial coin offerings (ICOs) and writesmart contracts. Many saw it as being the successor to Bitcoin (BTC). According to Bloomberg, developers are now opting for other platforms likeEOSandStellar. In January, only 28 percent of DApps users were on th",retained,2,threshold_2,content_repeated,,
news_5569db5dae1df400eca1,2019-06-08 12:59:58+00:00,2019,CCN,Binance CEO: Indias Insane Anti-Crypto Bill Will Pump Monero and ZCash,"Privacy coins like Monero and ZCash will gain favor in the face of the reported crypto ban in India, Zhao says. | Source: REUTERS / Darrin Zammit Lupi By CCN : The CEO of Binance cryptocurrency exchange, Changpeng Zhao, has predicted that Indias proposed anti-crypto bill will spur the adoption of privacy coins such as Monero and ZCash in the country. Monero Binance CEO expects privacy coins to flourish in India Zhao, who runs one of the worlds largest cryptocurrency exchanges by trading volume",retained,3,score_3,content_specific,,
news_c94da8159841100f6b01,2019-06-15 17:54:00+00:00,2019,Cointelegraph,"Coinbase Custody Holds $1.3B in Assets Under Custody, Expects to Hit $2B ‘Soon’","CoinbaseCustody revealed that it holds $1.3 billion in assets under custody (AUC) and the firm expects to hit $2 billion AUC soon in a Twitter threadpublishedon June 13. In a series of tweets, what is evidently the official Coinbase CustodyTwitteraccount reported that last week the company’s CEO, Sam McIngvale, and its chief information security officer, Philip Martin, visited theUnited Kingdom. The purpose of the visit was reportedly “to discuss the institutional cryptoeconomy with a range of p",retained,3,score_3,content_specific,,
news_1b8d949f5c2ac18b56c1,2019-01-27 13:40:00+00:00,2019,Cointelegraph,"BIS Report Questions Longevity, Efficacy of Proof-of-Work Based Cryptocurrencies","A recentreportfrom the Bank of International Settlements (BIS) hascast a spotlighton the efficacy and longevity of the proof-of-work (PoW) consensus and the future ofBitcoin. The paper takes an in-depth look at how theBitcoinprotocol verifies payments usingblockchaintechnology and various consensus algorithms. PoW algorithms are a major point of discussion, with the author suggesting two major drawbacks. Firstly, the high cost of ensuring payment finality in a reasonable time frame, and the beli",retained,3,score_3,content_specific,,
news_178fbb3bd265a9855cdd,2019-08-01 15:00:42+00:00,2019,CoinDesk,"Crypto Exchange Launches ‘Shitcoin Futures Index,’ Offering New Way to Short Alts","Crypto derivatives platform FTX has perhaps the most speculative and oddly-named futures index fund on the market:SHIT-PERP, or the Shitcoin Index Perpetual Futures. An index of 58 low market cap coins, SHIT-PERP includes projects like Waves, Grin, and Nano. It is flanked by two other low-cap indexes on the site, MID-PERP and ALT-PERP. Related:WATCH NOW: CoinDesk LIVE Presents Beyond ICOs: The Future of Tokens Image via FTX.com Following an incubation program underAlameda Research, the derivativ",retained,3,score_3,content_specific,,
news_4b4e75e126169cccaf46,2019-01-17 14:15:42+00:00,2019,Fortune,Grayscale Adds Ripple Competitor Stellar to Crypto Portfolio,"Grayscale Investments, the company behind the Bitcoin Investment Trust, announced on Thursday it will offer a fund to let professional investors gain exposure to Stellar and its digital currency known as Lumens. Stellar, which is currently the sixth most valuable cryptocurrency, was the brainchild of Jed McCaleb, an iconic figure in the crypto world, who founded Ripple and an influential, ill-fated early exchange, Mt. Gox. The project, which gained early backing from fintech giant Stripe, is pus",retained,4,score_4_plus,content_specific,,
news_938ad365e5704709fd70,2019-07-05 08:31:56+00:00,2019,CoinDesk,Dogecoin Price Surges 37% Following Binance Listing Announcement,"The price of the popular dogecoin cryptocurrency is surging after the announcement that it will soon be listed on the Binance exchange. Binance said in asupport noticethat trading will open for dogecoin (DOGE) at midday (UTC) Friday. The exchange will at launch offer trading pairs for DOGE against Binance coin (BNB) and bitcoin (BTC), as well as the stablecoins tether (USDT), Paxos standard (PAX) and USD Coin (USDC). Related:Litecoin Outperforms Top-10 Cryptos Ahead of August Reward Halving User",retained,5,score_4_plus,content_specific,,
news_5d59adff4e8c4472cde3,2019-06-17 02:10:20+00:00,2019,CoinDesk,Bitmain Lawsuit Seeks Millions from Staffers Who Founded Rival Mining Pool,"The Takeaway • Bitmain is suing three former employees who started Poolin, a rival to the chip manufacturer’s BTC.com mining pool. • The company is seeking $4 million in damages, alleging the Poolin co-founders violated their non-compete agreements;The former employees say Bitmain voided the non-compete by failing to pay them on time as agreed. • The case offers a rare window on Bitmain’s inner-workings and employment practices. Cryptocurrency mining giant Bitmain is locked in a legal battle wit",retained,5,score_4_plus,content_specific,,
news_1a2efad19fb7ffecf7f8,2019-07-28 16:00:26+00:00,2019,Coin Rivet,The blockchain/crypto week in quotes,"“You just want to make sure that you don’t get caught in the (Libra) crossfire. It is important to me that when regulators start asking questions that they don’t lump us into one big bucket.” Brad Garlinghouse, CEO, Ripple “Bitcoin could reach $356,000 in a couple of years.” Pantera Capital Founder Dan Morehead ""I can assure you I will personally not be loaded up on bitcoin"" in 10 years, says Treasury Secretary Mnuchin #bitcoin pic.twitter.com/0J5acWQwRO — Squawk Box (@SquawkCNBC) July 24, 2019 ",retained,5,score_4_plus,content_specific,,
news_d7343fade4e0bc6e1a5c,2019-03-11 12:26:00+00:00,2019,Engadget,NVIDIA buys high-performance chip-maker Mellanox for $6.9 billion,"NVIDIAconfirmedthat it has purchased Israeli chip-maker Mellanox for $6.9 billion, its largest acquisition to date. The bid,rumoredfor several days, trumped a $6 billion offer made by Intel several months ago. It will reportedly help NVIDIA better compete in the server market, which accounts for about a third of its sales. Mellanox primarily manufactures chips that power high-speed ethernet and InfiniBand networks that connect servers. Such products are used in data centers cloud and storage, as",retained,2,threshold_2,content_specific,,
news_3dc105b8649ddb30184d,2019-01-17 16:46:06+00:00,2019,CoinDesk,OKCoin Founder Star Xu Seeks to Acquire Public Firm for $60 Million,"Star Xu, theÂ founder of cryptocurrency exchange OKCoin, may be seeking a possible backdoor IPO for his firm by buying a majority stake in a Hong Kong-listed company. On Jan. 10, Xu (under his real name Xu Mingxing)filedwith the Hong Kong Stock Exchange (HKEX) for approval to buy a 60 percent stake in aÂ construction engineering firm called LEAP Holdings Group Ltd. Through his company OKC Holdings Corp., Xu is aiming to purchase approximately 3.2 billion shares of the company for HK$0.15 (around",retained,2,threshold_2,content_specific,,
news_285b5c72f78df8067107,2019-08-10 10:10:35+00:00,2019,CoinDesk,Crypto Gamers Are Showing Little Interest in Decentralized NFTs,"A new report on the nascent ecosystem of blockchain-based games indicates that one of the model’s most-trumpeted characteristics — the ability to mix and swap data between games – isn’t panning out. The idea of cross-overs between games isn’t exactly new. Series like Nintendo’s Super Smash Brothers perhaps best exemplify this approach, with familiar characters coming together in one game. But those characters are all under Nintendo’s control — and it’s this area that blockchain games promise a n",retained,2,threshold_2,content_specific,,
news_363ef0402fc3a47a08b8,2019-08-13 02:30:32+00:00,2019,CoinDesk,ICO Issuer PlexCorps Reaches Settlement With US Securities Regulator,"A settlement between the SEC and a startup that raised funds in an initial coin offering has defendants paying out the big bucks. According to court filings, defendants Dominic Lacroix, Sabrina Paradis-Royer andPlexCorpsagreed to pay fines and never again participate in securities sales. A judge has yet to sign off on the settlement. Lacroix and Paradis-Royer each agreed to pay $1 million apiece as a civil penalty. PlexCorps must disgorge $4.56 million in addition to $350,000 in interest. Relate",retained,2,threshold_2,content_specific,,
news_a2761f259aefad213226,2019-04-29 10:53:33+00:00,2019,The Block,Former CFTC commisioner and bitcoin advocate Bart Chilton passes away at age 58,"Bart Chilton, the former commissioner at the U.S. Commodity Futures Trading Commission, has died at age 58 due to a “sudden illness,”RT announced on Saturday. Between 2007 and 2014, Chilton headed the CFTC’s Energy and Environmental Advisory Committee and the Global Markets Advisory Committee. Following his departure from the CFTC, he became a senior adviser at law firm DLA Piper. He also hosted RT’s financial showBoom Bust. Chilton was also curious and, at times, supportive of cryptocurrencies.",retained,3,score_3,title_primary,,
news_54e109defe4dac282a58,2019-08-24 13:00:54+00:00,2019,Decrypt,Venezuela’s largest retail chain expands Bitcoin payment options with PundiX,"Cryptocurrencypayments startup PundiX is expanding its presence in Latin America in a big way. Following arecent announcementof “strategic partnerships” in Panama to bring the company’s XPOS point-of-sale platform into South America, PundiX Venezuela lead Gabriel Falconetoday revealedthat the company isn’t stopping there. Falcone told Spanish-language industry publicationDiarioBitcointhat PundiX has closed a deal with Traki—Venezuela’s largest department store chain—to place its point-of-sale pl",retained,3,score_3,title_primary,,
news_1afd870dfed90c781b02,2019-06-29 13:55:15+00:00,2019,CCN,Your Old Baseball Cards Are a Better Store of Value Than Bitcoin,"One of the primary arguments in favor ofbitcoinis that it is a “store of value.” It makes sense on the surface, but when one digs into the meat of this claim, it comes up with less beef than a Beyond Meat burger. The category of “investment commodity” refers to things that people buy that represent a store of value because of their end use,aesthetic, historical, and/or emotional value. Baseball cards, and other collectibles like art and rare coins, are such examples. People are willing to pay fo",retained,3,score_3,title_primary,,
news_1fefe0d45c1a73f5d47f,2019-03-28 17:40:10+00:00,2019,CCN,Crypto Winter Thaws as Bitcoin Investment Firms Raise Nearly $275 Million,"Down more than 82 percent from its all-time high at $813 billion, the crypto market technically remains neck-deep in a 15-month longbear marketthat began in January 2018. The valuation of the crypto market is down from $813 billion, still deep in a bear market (Source: coinmarketcap.com) But, in recent months, with support from some of the largest financial institutions in the global market, the crypto industry has seen significant progress in areas including institutionalization, regulation, an",retained,3,score_3,title_primary,,
news_0d11ca96c35d8fa94193,2019-06-17 08:38:00+00:00,2019,Cointelegraph,Bitcoin Markets Now Show Greater Influence From Institutional Investors: JPMorgan,"JPMorgan Chase (JPM) thinks the Bitcoin (BTC) industry has changed considerably since 2017, citing an increase in institutional interest,Bloombergreported on June 15. The publication quoted a report led by managing director of global market strategy of theUnited States’largestbank, Nikolaos Panigirtzoglou, in which researchers examined recent phenomena surroundingcryptocurrency exchanges. As Cointelegraphreported, an investigation by asset manager Bitwise in March — and againlast month— revealed",retained,8,score_4_plus,title_primary,,
news_236b47596f4e27005f72,2019-05-29 18:18:00+00:00,2019,Cointelegraph,"Bitcoin, Ethereum, Ripple, Bitcoin Cash, Litecoin, EOS, Binance Coin, Stellar, Cardano, TRON: Price Analysis May 29","The views and opinions expressed here are solely those of the author and do not necessarily reflect the views of Cointelegraph. Every investment and trading move involves risk, you should conduct your own research when making a decision. Market data is provided by theHitBTCexchange. The chief commercial officer of cryptocurrency payments processor BitPay believes that Bitcoin will only risehigher, led by business interest and real use cases for cryptocurrencies around the world. Contrary to this",retained,6,score_4_plus,title_primary,,
news_a3a7a43b7ada496c1a28,2019-06-22 05:53:35+00:00,2019,CCN,"$10,915: Bitcoin Price Destroys Key Milestone to New 2019 High, What’s Next?","ByCCN Markets: On major crypto exchanges in the likes of Bitstamp and Coinbase, the bitcoin price has achieved a new 2019highat $10,915 in an overnight rally. The bitcoin price is up moer than $20,000 in the past week (source: coinmarketcap.com) As the bitcoin price surpassed the $10,000 mark, a level that has been regarded as a key psychological level by prominent investors and analysts including Tyler Winklevoss and Thomas Lee, the sentiment around the near term trend of the crypto market has ",retained,6,score_4_plus,title_primary,,
news_8995324a17eeedb155b6,2019-01-29 10:59:56+00:00,2019,CoinDesk,Down Again: Bitcoin Is Closing on Key Long-Term Price Support,"• Bitcoin is again closing on the 200-week moving average, which served as strong support in December. The weekly RSI is more bearish this time round, though, and is reporting undersold conditions. • A weekly close below that level could be followed by a slide back to September 2017 lows near $2,970. • A failure to push prices below the 200-week SMA support would weaken the bears. A bullish reversal, however, would be confirmed only above $3,658 â the high of gravestone doji carved out Saturda",retained,6,score_4_plus,title_primary,,
news_81bc89db7f8026c7aa48,2019-05-20 16:00:45+00:00,2019,Coin Rivet,Cryptocurrency development updates: Lightning Network and altcoins,"Last week, one of the most anticipated and exciting crypto conferences took place in New York. I’m of course talking about MCC 2019 – the Magical Crypto Conference – organised by Riccardo Spagni (Monero), Samson Mow (Blockstream), WhalePanda, and Charlie Lee (Litecoin). I highly advise you to watch the conference – which is now available on YouTube – as really cool speakers like Adam Back and Luke Dash Jr gave some quite interesting presentations. The conference mainly focused on Lightning Netwo",retained,3,score_3,title_specific,,
news_1502d28e2885beee7863,2019-04-30 17:34:56+00:00,2019,CCN,"‘Satoshi Nakamoto’ is Mining Over 40% of Bitcoin Cash, Sparking Fears of 51% Attack","ByCCN.com: According to blockchain data and CCN/HackedreporterGreg Thomson, an anonymous miner who embeds the words “Satoshi Nakamoto” into all of the blocks they mine currently controls more than 40% of Bitcoin Cash’s hashrate. There are multiple running theories as to the intent behind amassing so much hashpower, beyond the pure profit motive of mining Bitcoin Cash. Mining Bitcoin Cash is generally a profitable endeavor, despite reduced transaction fees that are accrued on the more spacious ch",retained,3,score_3,title_specific,,
news_cde50c3e6ee652346429,2019-04-25 18:40:00+00:00,2019,Cointelegraph,Mt. Gox Trustee Extends Deadline for Rehabilitation Plan Submission,"The trustee of now-defunctJapanesecryptocurrencyexchangeMt. Goxhas extended the deadline for submission of rehabilitation plans, according to an official announcementpublishedon the company’s website on April 25. Per the announcement, the exchange’s Rehabilitation Trustee Nobuaki Kobayashi filed a motion in a bid to extend the submission deadline of a rehabilitation plan at the Tokyo DistrictCourt. On April 24, 2019, the court released an order to extend the deadline to October 28, 2019. The ann",retained,3,score_3,title_specific,,
news_9e46e2d5963f01da8cfb,2019-04-16 14:00:08+00:00,2019,Coin Rivet,London’s first Lightning Network bar is ready for business,"The Rotate bar in London’s Shoreditch now accepts payments for food and beverages with instantaneous transactions over the Lightning Network. The bar, which is currently an active hotspot for the crypto community in London, used its links to partner with lightningpay.co.uk , a payment provider which offers custodial and non-custodial solutions. The bar’s owner, James Stell, said that “they helped us set up our payments solution and provide ongoing help when required”. At the moment, Rotate is no",retained,3,score_3,title_specific,,
news_72e0ed4977612d060e26,2019-06-26 12:01:00+00:00,2019,Cointelegraph,"Mt. Gox Founder Knew of Security Risks Years Before Collapse, Lawsuit Claims","Mt. GoxfounderJed McCalebis being sued by two traders who used the doomedexchange, court documentsfiledon May 19 show. Joseph Jones and Peter Steinmetz have accused the ex-CEO of fraudulently and negligently misrepresenting the exchange. The pair also allege that McCaleb was aware of “serious security risks” back in late 2010 or early 2011 — more than three years before 850,000 bitcoin (BTC) was stolen in an audacious hack. Their complaint adds: “Rather than secure the exchange, McCaleb sold a l",retained,5,score_4_plus,title_specific,,
news_b792c4e34d6a237bcfee,2019-08-27 06:00:27+00:00,2019,The Block,Ethereum DEX startup launches app store to be ‘the homepage of the Lightning Network’,"Blockchain startup Radar, best known for running a decentralized exchange (DEX) over ethereum, is expanding its influence in bitcoin and wants to ""the homepage of the Lightning Network,"" according to Radar CEO Alan Curtis. The company launched on Tuesday an app store that collects all applications built on Lightning Network, the second layer of bitcoin for scaling transactions. The new platform allows users to discover new lightning applications and pay for them via a single payment channel thro",retained,5,score_4_plus,title_specific,,
news_ebda768d807089ec6a73,2019-06-05 10:31:00+00:00,2019,Cointelegraph,Former Mt. Gox CEO Mark Karpeles to Serve as CTO of New Japanese Blockchain Venture,"Mark Karpeles— the former CEO of the now-defunct bitcoin (BTC) exchangeMt. Gox— has revealed he will serve as the chief technology officer of a new Japan-registeredblockchaintechnology firm. The news wasreportedby Japanese daily newspaper The Mainchi on June 5. Speaking at the Foreign Correspondents' Club of Japan earlier today, Karpeles reportedly declared his intention to make the country a global leader in blockchain technology by undertaking his new role as CTO of the new Tokyo-based firm, T",retained,5,score_4_plus,title_specific,,
news_103b9314aca19cd3b23f,2019-01-23 16:31:00+00:00,2019,Cointelegraph,Bitfury Launches Set of Tools to Drive Lightning Network Adoption,"Blockchain technology firmBitfuryGroup has released a series of new tools for merchants and developers in a bid to drive wider adoption of the Lightning Network (LN). The launch was announced in ablog postfrom Bitfury’s LN engineering team, “Lightning Peach,” Jan. 23. Bitfury’s new LN-related offerings span anopen sourceLN-enabled Bitcoin (BTC) wallet, a hardware LN payments terminal and e-commerce software for merchants, a host of developer tools, and a public LN node to facilitate users’ creat",retained,5,score_4_plus,title_specific,,
news_2d79b45f386afc2552c0,2019-03-04 15:44:00+00:00,2019,Cointelegraph,"Major US Retailer Kroger Drops Visa, Morgan Creek Digital Suggests Lightning Network","Morgan Creek Digital founder Anthony Pompliano has suggested that majorUnited StatesretailerKroger should deploy theLightning Networkin its stores, following the brand’s decision to stop acceptingVisaat some locations. According to Pompliano’stweetfrom Mar. 3, the negotiations have already started. On Friday, Mar. 1, Kroger officiallyannouncedthat its Smith's Food & Drug stores will not accept Visa cards starting Apr. 3 due to the high fees that company imposes on major retailers. ""Visa has been",retained,2,threshold_2,title_specific,,
news_2c5e27b0651035480efa,2019-05-13 21:23:44+00:00,2019,Fortune,"The Ledger: Fin-Tech in Montauk, Binance Robbery Update, Go Away Fake Satoshi","It’s Blockchain Week in New York, and so this week’s newsletter is devoted to a special event—not the chaotic conference unfolding right now in midtown Manhattan, but a June gathering on the edge of the Atlantic ocean. It was almost two years ago when the three of us—Jeff, Jen, and Robert—first created The Ledger as a new forum for finance and technology. The crypto revolution was going strong but we realized something bigger was underway: A profound change to money and banking as Silicon Valley",retained,2,threshold_2,title_specific,,
news_ef5bcc6b20b1dc961b1f,2019-12-20 10:00:00+00:00,2019,CoinDesk,Blockstream’s ‘Watchtowers’ Will Bring a New Justice System to the Lightning Network,"Watchtowers, a semi-trusted payment channel sheriff, will keep the peace among lightning nodes. The new feature is likely to be implemented in the coming months. Spearheaded by Blockstream’s c-lightning team, the Watchtowers are part ofEltoo, a proposed enforcement layer for the lightning network. “A Watchtower is basically outsourcing the penalizing of your counterparty to somebody. If something happens, here’s a loaded shotgun with which you can go hunt the guy who cheated me,” c-lightning dev",retained,2,threshold_2,title_specific,,
news_ec244668cc325ac3da15,2019-06-03 04:09:00+00:00,2019,Cointelegraph,Bitfinex Plans to Launch Lightning Network Support for Stablecoin Tether: Report,"Majorcryptocurrency exchangeBitfinexis looking to launch theUSDTstablecoinoperated by sister firm Tether on theLightning Network(LN), crypto news outlet The Blockreportedon May 31. Per the report, Bitfinex’s chief technology officer Paolo Ardoino told the outlet that the company plans to launch USDT on LN later this year. To pursue this objective, the firm reportedly joined the RGBopen sourcedevelopment project. According to its GitHubrepository, the RGB project is “a completely free, open-sourc",retained,2,threshold_2,title_specific,,
news_f7aadacbfc00e9f37563,2020-08-05 02:32:47+00:00,2020,FX Empire,"The Crypto Daily – Movers and Shakers – August 5th, 2020","Bitcoin, BTC to USD, fell by 0.38% on Tuesday. Partially reversing a 1.52% gain from Monday, Bitcoin ended the day at $11,184.0. It was a bullish start to the day. Bitcoin rose to an early morning intraday high $11,396.0 before hitting reverse. Falling short of the first major resistance level at $11,474, Bitcoin slid to an early afternoon intraday low $11,003.0. Steering clear of the first major support level at $10,961, Bitcoin briefly revisited $11,260 levels before falling back into the red.",retained,3,score_3,content_repeated,,
news_ddecf0d3620fd2928484,2020-10-15 16:34:32+00:00,2020,CoinDesk,"Blockchain Bites: Filecoin’s Mainnet, M&A’s Upswing, Tarbert’s Environmental Concerns","Crypto M&A is up, CoinList set a record mint of wrapped bitcoin and the CFTC Chairman is “impressed” with Ethereum. Not to mention, Filecoin has pivoted to mainnet. Filecoin fliesTheFilecoin network mainnetedat 14:44 UTC, beginning its FIL token distribution. Filecoin is a system from Protocol Labs meant to be both a decentralized file storage and content distribution network in one. The new token is very likely to make history as the fastest newly live blockchain to reach a market capitalizatio",retained,3,score_3,content_repeated,,
news_ad4c881f1d7a29fb07e2,2020-06-10 09:30:10+00:00,2020,CoinDesk,"Elrond Will Pay You $60,000 to Break Its Blockchain","Bitcoin payroll provider Bitwage has begun offering employees a way of receiving wages paid in cryptocurrency, but without the volatility. Announced Wednesday, company clients can now sign up to the Bitwage platform in order to pay their workers using the USD Coin (USDC) stablecoin, which is linked to the price of the U.S. dollar. Salaried workers or freelancers can also sign up to receive wages from employers in the coin. The move comes at a time when global markets have been in turmoil resulti",retained,3,score_3,content_repeated,,
news_cda2a171f1bb18ff3381,2020-01-14 13:27:05+00:00,2020,Reuters,Fidelity Investments' crypto arm makes first push into Europe,"By Tom Wilson and Simon Jessop LONDON (Reuters) - The cryptocurrency arm of Fidelity Investments, one of the world's largest investment managers, has launched its first foray into Europe, opening a new front in efforts to drag digital money into mainstream investing. Fidelity Digital Assets will act as a custodian for bitcoin held by London-based cryptocurrency investment firm Nickel Digital Asset Management, the two companies said on Tuesday. The lack of back-office services like custody offere",retained,3,score_3,content_repeated,,
news_ffeb14deda2de8b907f5,2020-08-31 13:00:00+00:00,2020,ACCESSWIRE,IOV Labs Integrates Chainlink Decentralized Oracles Into the RSK Ecosystem,"GIBRALTAR / ACCESSWIRE / August 31, 2020 /IOV Labs has integrated Chainlink's decentralized oracles into the RSK and RIF ecosystems. This allows RSK developers to access critical price feeds and data resources generated outside the blockchain and use them as inputs to trigger RSK's Bitcoin-based smart contracts. RSK and RIF's technical teams are working hard to integrate Chainlink's protocol at the infrastructure level to ensure developers can use Chainlink oracles without any external dependenc",retained,2,threshold_2,content_repeated,,
news_e57df732905fb580e2da,2020-10-07 18:12:01+00:00,2020,CoinDesk,The Best Blockchain University Programs Actually Pay Students to Learn,"Out of all the universities with blockchain education programs, two stand out by offering students paid opportunities to learn by working. At MIT and Berkeley, students can take accessible and well-paid jobs at blockchain startups, often for part-time arrangements like 12 hours a week. This post is part of CoinDesk’s 2020university package. See our exclusive ranking of blockchain universitieshere. Related:The Top Universities for Blockchain - Methodology MIT Bitcoin Club President Nate Foss said",retained,2,threshold_2,content_repeated,,
news_8dc4196be57d9afa9c1e,2020-11-30 20:24:30+00:00,2020,Reuters,FOREX-Dollar recovers from more than two-year low as U.S. stocks slide,"* Dollar posts largest monthly fall since July * Euro hits 3-month high vs dollar, trades lower on day * Bitcoin jumps to record high versus dollar * U.S. economic data weakens as pandemic bites further * Graphic: World FX rates in 2020 https://tmsnrt.rs/2RBWI5E (Adds comment, updates prices) By Gertrude Chavez-Dreyfuss NEW YORK, Nov 30 (Reuters) - The dollar on Monday rebounded from its lowest level in 2-1/2 years, as broad risk sentiment soured again and shares on Wall Street fell, with invest",retained,2,threshold_2,content_repeated,,
news_66ee5cecfc1442325e92,2020-07-08 19:00:00+00:00,2020,CoinDesk,TikTok Let the Doge Out: Why TikTok Doge Is Everything About 2020 Finance in One Story,"After a week of viral videos on TikTok, dogecoin is up 35% in price and 2,000% in volume. What gives? Formore episodesand free early access before our regular 3 p.m. Eastern time releases, subscribe withApple Podcasts,Spotify,Pocketcasts,Google Podcasts,Castbox,Stitcher,RadioPublica,iHeartRadioorRSS. This episode is sponsored byBitstampandCrypto.com. Related:Bitcoin News Roundup for July 9, 2020 What’s old is new again! What happens when you combine a mostly hibernating memecoin with the world’s",retained,2,threshold_2,content_repeated,,
news_621ebddffdd218d00197,2020-08-07 01:39:21+00:00,2020,The Block,U.S. Senate confirms crypto-friendly SEC commissioner Hester Peirce for second term in office,"The U.S. Senate confirmed Securities and Exchange Commission commissioner Hester Peirce for a second term in a voice vote on Thursday. The Senate Banking Committee cleared Peirce's nomination alongside the nomination of Caroline Crenshaw onWednesday. Peirce took office in 2018 and was formallynominatedfor a second term in early June. Peirce's second term will expire in 2025. Peirce is likely to continue advancing policy goals that have drawn cheers from the crypto industry, including her advocac",retained,3,score_3,content_specific,,
news_3fa04b4242bb3a3fca67,2020-04-16 11:48:58+00:00,2020,CoinDesk,First Mover: Coronavirus Trillions Get Bitcoiners Wondering if Halving Still Matters,"Before the coronavirus hit, bitcoiners were looking forward to next month’s “halving” – a once-every-four-years reduction in new supplies of the cryptocurrency – as the primary factor that would drive prices higher, potentially even a 13-fold increase from current levels. Since the coronavirus pandemic hit, however, the market’s focus has shifted instead to the trillions of dollars of emergency aid and money injections pledged by the world’s governments and central banks. Those are seen as enhan",retained,3,score_3,content_specific,,
news_bfd664098f0a36db021d,2020-12-28 21:57:18+00:00,2020,Insider Monkey,10 Biggest Stock Gainers and Losers Today,"U.S. stocks rallied on Monday after President Donald Trump signed a Covid-19 aid bill. The Dow Jones Industrial Average gained 0.7 percent, the Nasdaq Composite advanced 0.7 percent, and the S&P 500 increased 0.9 percent. Here are the top gainers and losers of today’s trading session. Aprea Therapeutics Inc. (APRE) stock plunged nearly 80 percent on Monday after the Boston, Massachusetts-based biopharmaceutical company said that the late-stage clinical trial of its Myelodysplastic syndromes (MSD",retained,3,score_3,content_specific,,
news_9ba70441bb891810c345,2020-01-02 16:51:33+00:00,2020,CoinDesk,MARKETS DAILY: Central Bank Digital Currencies and US Dollar Dominance in 2020,"With 2019 vanishing in the rear view mirror, Markets Daily is back for an insightful look into Central Bank Digital Currencies (CBDCs) and the US Dollar’s ongoing reserve status. Tune in as CoinDesk podcasts editor Adam B. Levine and senior markets reporter Brad Keoun run down recent action, track interesting longer-term trends, and highlight the best “thinking with tokens” and some of the most important crypto industry developments of the day. No time to listen? Scroll down for the transcript w",retained,3,score_3,content_specific,,
news_f83272b90498ecc6ce38,2020-03-24 19:11:19+00:00,2020,CoinDesk,BitMEX Open Interest Collapses After Controversial Long Squeeze,"While bitcoin’s (BTC) price is rallying, traders have scaled back their open interest positions in bitcoin perpetual contracts listed on the crypto derivatives exchange BitMEX. The world’s largest cryptocurrency by market capitalization rose to $6,863 early Tuesday, representing a 77 percent gain on the recent low of $3,867 registered on March 12, according to CoinDesk’sBitcoin Price Index. Meanwhile, open interest, or outstanding positions, in XBT/USD (bitcoin) perpetual contracts fell to 55,00",retained,5,score_4_plus,content_specific,,
news_1ede00e8e02d46ff337c,2020-12-17 12:30:00+00:00,2020,GlobeNewswire,Digihost Announces Intention to Increase Mining Capacity Through Acquisition of New Miners,"VANCOUVER, British Columbia, Dec. 17, 2020 (GLOBE NEWSWIRE) -- Digihost Technology Inc. (“Digihost” or the “Company”) (TSXV: DGHI; OTCPK: HSSHF) is pleased to report that it plans to increase its Bitcoin mining capacity by 20% through the acquisition of new miners by the end of the first quarter of 2021. Michel Amar, CEO commented, “This is the first step forward in our strategic plan to double our mining capacity by the end of 2021. Due to the ongoing interest and adoption of Bitcoin, Digihost ",retained,5,score_4_plus,content_specific,,
news_e72a3ed612d4add42ddd,2020-05-15 14:38:11+00:00,2020,The Block,BitMEX parent company unveils open-source development grant program,"Crypto derivatives exchange BitMEX's parent company has unveiled a new developer grant program aimed at building on its previous efforts to provide financial support to those working on open-source projects. As previously reported, HDR Global Trading Limitedawarded a $100,000 grantto Bitcoin Core developer Michael Ford in late March, which built ona previousgrant. In an announcement post, HDRdetailedthe contours of its Open Source Developer Grant program, explaining: ""Under this program, we hope",retained,4,score_4_plus,content_specific,,
news_fa3e24a1b87a643c43f3,2020-12-16 12:45:00+00:00,2020,Newsfile,Hut 8 Continues to Add Talent to Roster with the Appointment of Sue Ennis as Head of Investor Relations,"Toronto, Ontario--(Newsfile Corp. - December 16, 2020) -Hut 8 Mining Corp.(TSX: HUT) (OTCQX: HUTMF) (""Hut 8"" or ""the Company""), a publicly listed bitcoin mining company, is pleased to announce the appointment of Sue Ennis as Head of Investor Relations, effective January 4th, 2021 as part of the company's continued focus on building a dynamic and insightful team for future success. An experienced Fintech Advisor, Speaker and Chartered Investment Manager, Ms. Ennis has an established history as a ",retained,4,score_4_plus,content_specific,,
news_88fc90f466bb2f9c50ec,2020-03-27 15:30:00+00:00,2020,CoinDesk,"Singapore Temporarily Exempts Crypto Firms, Including Coinbase, From New Licensing Regime","A number of cryptocurrency firms have been exempted from holding a payments license in Singapore till this summer. Anextensive listof companies posted by the Monetary Authority of Singapore (MAS) includes well-known exchanges and custodians such as Binance, Coinbase, Ripple and BitGo, with all being allowed to continue operating without a payments license until July 28, 2020. The exemption will end after that date, or if firms registered in Singapore submit a license application under the Paymen",retained,2,threshold_2,content_specific,,
news_cf34430a90f778705476,2020-06-30 13:00:10+00:00,2020,GlobeNewswire,Meten EdtechX to Enhance Education Business by Exploring the Utilization of Blockchain Technology,"SHENZHEN, China, June 30, 2020 (GLOBE NEWSWIRE) -- Meten EdtechX Education Group Ltd. (METX) (“Meten EdtechX” or the “Company”), a leading English language training (“ELT”) service provider in China, expresses its effort in enhancing online education business and also better cater to the demand of the education market by exploring the utilization of blockchain technology. The Company is also exploring the market of multilingual foreign language teaching. It may develop more private teaching prod",retained,2,threshold_2,content_specific,,
news_db1292bc4016b8fe57cd,2020-01-08 09:00:00+00:00,2020,CoinDesk,Why Harvard Research on a Low-Profit Tezos Attack Matters for Proof-of-Stake,"A recent academic study says Tezos is threatened by “selfish mining,” providing a valid attack model for other live and up-and-coming proof-of-stake (PoS) cryptocurrencies. That’s the finding from Selfish Behavior in the Tezos Proof-of-Stake Protocol , published last November by then-Harvard researcher and current Google engineering intern Michael Neuder. The paper from Neuder and other Harvard researchers shows the profitability – albeit small – of “selfish endorsing” attacks in Tezos, a varian",retained,2,threshold_2,content_specific,,
news_9ef7ece3969aac10b7f8,2020-04-26 21:25:00+00:00,2020,ACCESSWIRE,"CLASS ACTION UPDATE for CAN, GOSS and I: Levi & Korsinsky, LLP Reminds Investors of Class Actions on Behalf of Shareholders","NEW YORK, NY / ACCESSWIRE / April 26, 2020 / Levi & Korsinsky, LLP announces that class action lawsuits have commenced on behalf of shareholders of the following publicly-traded companies. Shareholders interested in serving as lead plaintiff have until the deadlines listed to petition the court. Further details about the cases can be found at the links provided. There is no cost or obligation to you. CAN Shareholders Click Here: https://www.zlk.com/pslra-1/canaan-inc-loss-form?prid=6196&wire=1 G",retained,2,threshold_2,content_specific,,
news_d4f6b8aa5273ecb0b4af,2020-12-01 00:48:36+00:00,2020,Reuters,Dollar plummets on U.S. stimulus hopes; bitcoin hits all-time peak,"By Gertrude Chavez-Dreyfuss NEW YORK (Reuters) - The dollar fell on Tuesday to its lowest level in more than 2-1/2 years, as investors' appetite for risk increased on prospects of further fiscal stimulus from the United States as well as expectations of a solid global recovery. News of a proposed COVID bill sank the dollar further, as did the resumption of talks between U.S. Treasury Secretary Steve Mnuchin and House of Representatives Speaker Nancy Pelosi on Tuesday about a stimulus package. Th",retained,3,score_3,title_primary,,
news_520e43065bd59e4f9a46,2020-10-19 08:26:54+00:00,2020,CoinDesk,Bitcoin Critic Peter Schiff’s Bank Under Spotlight in Global Tax Probe,"A Puerto Rico-based bank founded by gold bug and long-timebitcoinskeptic Peter Schiff is under investigation over suspicions it facilitated tax evasion for “high-risk” clients. According to reports on Saturday by several large media organizations in Australia and the U.S., Schiff’s Euro Pacific Bank has become the focus of a major global tax evasion investigation dubbed “Operation Atlantis.” Hundreds of account holders at the bank, including 100 Australians considered “high risk,” are now being ",retained,3,score_3,title_primary,,
news_0bcbb47e3b77fd56a639,2020-06-09 21:00:36+00:00,2020,CoinDesk,Market Wrap: DeFi Is Helping Ether Outpace Bitcoin This Year,"Voting and blockchain have been a controversial couple but Moscow appears determined to use the technology for a national referendum involving President Vladimir Putin. Russia will vote on changing its constitution, adopted in 1993, onJuly 1. Themain issueto be decided is whether to allow Russia’s president to stay in power for more than the current limit of two consecutive six-year terms. Most of the nation will use traditional paper ballots, but residents of Moscow and the Nizhny Novgorod regi",retained,3,score_3,title_primary,,
news_1d1e9c54146de18e2670,2020-11-23 23:45:51+00:00,2020,Benzinga,"Bitcoin Price Holds Strong, Ethereum Reaches $600: Crypto Markets Brief","What Happened:Bitcoinprice has been going steady, gaining 9.57% over a week. It traded at $18,334.95 at press time. The leading altcoin Ethereum price has reached the $600 mark for the first time since July 2018. The digital coin gained 32.29% over the week and was traded at $605. The current market capitalization of the crypto industry is $551,092,579,109. Why It Matters:The crypto industry has seen major institutional players coming this quarter, more than in the previous one, according to aJP",retained,3,score_3,title_primary,,
news_4725995bfa0f491f696d,2020-06-03 08:01:12+00:00,2020,CoinDesk,Lightning Network Overhaul Could Strengthen Bitcoin Privacy – But Many ‘Ifs’ Remain,"At a press conference Sunday Minnesota Department of Public Safety commissioner John Harrington compared the methods police were using to identify protestors to those used to track COVID-19 cases. We’ve “begun analyzing the data of who we have arrested, and begun, actually, doing what you would think as almost pretty similar to our COVID. It’s contact tracing. Who are they associated with? What platforms are they advocating for?”he said. The Department of Public Safetyworks in partnershipwith lo",retained,5,score_4_plus,title_primary,,
news_6053622480ea622d4720,2020-12-29 19:37:34+00:00,2020,Benzinga,Why NFL Player Russell Okung Takes Half His Salary In Bitcoin,"For the first time in the four major professional U.S. sports, an athlete will receive a portion of his salary in bitcoin. What Happened: Carolina Panthers tackle Russell Okung will receive a portion of his salary as bitcoin , according to Coindesk . The startup Zap, which converts traditional paychecks into Bitcoin, will be used by Okung in the deal. The $13-million annual salary Okung receives will be split 50% cash and 50% bitcoin. Okung will still be paid in a normal check by the team. Zap w",retained,6,score_4_plus,title_primary,,
news_67dc2fc25ec59219a96b,2020-02-26 10:16:00+00:00,2020,Investing.com,"Bitcoin Dips Below 8,995.5 Level, Down 5%","Investing.com - Bitcoin fell bellow the $8,995.5 level on Wednesday. Bitcoin was trading at 8,995.5 by 10:15 (15:15 GMT) on the Investing.com Index, down 4.71% on the day. It was the largest one-day percentage loss since February 19. The move downwards pushed Bitcoin's market cap down to $164.8B, or 63.09% of the total cryptocurrency market cap. At its highest, Bitcoin's market cap was $241.2B. Bitcoin had traded in a range of $8,992.5 to $9,368.1 in the previous twenty-four hours. Over the past",retained,6,score_4_plus,title_primary,,
news_ff04191ec6d1fb428046,2020-08-28 16:00:00+00:00,2020,CoinDesk,"Bitcoin News Roundup for Aug. 28, 2020","With bitcoin and gold reversing losses, CoinDesks Markets Daily is back for your latest crypto news roundup! For early access before our regular noon Eastern time releases , subscribe with Apple Podcasts , Spotify , Pocketcasts , Google Podcasts , Castbox , Stitcher , RadioPublica or RSS . This episode is sponsored by Crypto.com , Bitstamp and Nexo.io . Todays Stories: Related: The Case for $500,000 Bitcoin Bitcoin, Gold Recover After Jerome Powell Speech Shakes Markets Bitcoin and gold are re",retained,8,score_4_plus,title_primary,,
news_ea0072ae19e277250411,2020-11-19 20:22:46+00:00,2020,CoinDesk,"Lightning Network’s New Liquidity Marketplace Attracts a ‘Surprising’ Mix of Individuals, Enterprises","Lightning Labs’ new liquidity marketplace, Lightning Pool, has seen more early-stage growth than its creators expected. And what’s more, a fair share of its volume is coming from individual Lightning users – not businesses. “It’s a big surprise! Very exciting,” Lightning Labs Business Development head Ryan Gentry told CoinDesk. “The primary users thus far have been a mix of power users and startups/businesses who are already running Lightning nodes.” Since launch, Lightning Pool has facilitated ",retained,3,score_3,title_specific,,
news_4e8ee5deb7623f2cb275,2020-07-21 16:35:31+00:00,2020,CoinDesk,Blockchain Bites: China’s BSN Integrations and Satoshi’s Newfound Wealth,"Crypto firms are cooking up ways to become “Travel Rule” compliant, Satoshi’s stash got a little bigger and one of Ethereum Classic’s top supporters is walking away from the project. You’re readingBlockchain Bites, the daily roundup of the most pivotal stories in blockchain and crypto news, and why they’re significant. You can subscribe to this and all of CoinDesk’snewsletters here. Travel RuleBitGo, Coinbase and other top exchanges are expected to release a white paper next month detailing a ty",retained,3,score_3,title_specific,,
news_d7e916e36815e7a7c8d4,2020-04-26 14:15:00+00:00,2020,CoinDesk,"Lightning Network Messaging, Political Expediency and What Crisis Has Revealed","In a time of increasing censorship aimed towards protecting us, is truly private messaging possible? Why are we using “data-driven” approaches when we know the data is wrong? Lightning Network messaging protocol Juggernaut’s John Cantrell and HRF’s Alex Gladstein help us see what the crisis has revealed. Listen/subscribe to the CoinDesk Podcast feed for unique perspectives and fresh daily insight withApple Podcasts,Spotify,Pocketcasts,Google Podcasts,Castbox,Stitcher,RadioPublica,IHeartRadioorRS",retained,3,score_3,title_specific,,
news_809ac683ca8acf4e2d61,2020-03-31 06:00:00+00:00,2020,CoinDesk,Mt. Gox Deadline Extended Again After Creditors Criticize Refund Proposal,"The submission deadline for the Mt. Gox rehabilitation plan has been pushed back again after a draft proposed last week was met with opposition from numerous creditors. In the plan, proposed to Mt. Gox creditors at a March 25 meeting, rehabilitation trustee Nobuaki Kobayashi said he would, if authorized by the court, sell off some of the recovered cryptocurrencies in order to settleprioritized fiat currencyclaims. Creditors would have the option of receiving reimbursement inbitcoin(BTC), but the",retained,5,score_4_plus,title_specific,,
news_6b0aa7f0331ac807b21b,2020-11-26 17:03:18+00:00,2020,CoinDesk,Previously Unpublished Emails of Satoshi Nakamoto Present a New Puzzle,"Newly discovered emails between Satoshi Nakamoto, Bitcoin’s pseudonymous creator, and the late Hal Finney deepen the mystery around the cryptocurrency’s origins. The three emails come from Bitcoin’s earliest days, when its future was uncertain. They show how closely Satoshi collaborated with early supporters at the time of Bitcoin’s launch. While anything written or coded by Satoshi is intrinsically valuable to the community, perhaps the most intriguing parts of these messages are neither words ",retained,5,score_4_plus,title_specific,,
news_aa069057dd62ccfd247e,2020-02-24 16:46:13+00:00,2020,Coin Rivet,Simpsons appearance for crypto reveals Satoshi twist,"Cryptocurrency just took a giant leap towards mainstream acceptance by appearing in the latest episode of The Simpsons. A song and dance routine explaining distributed ledger technology featured alongside a character played by the Big Bang Theorys Jim Parsons who educates Lisa Simpson on cryptocurrency. However, the episode also throws up a mouth-watering twist that suggests the creators of The Simpsons may know the true identity of Satoshi Nakamoto  the mysterious founder of Bitcoin. The two-",retained,4,score_4_plus,title_specific,,
news_61f529eb29864504b7dc,2020-06-19 22:28:31+00:00,2020,CoinDesk,‘Satoshi Was a Black Woman’: Blockchain Entrepreneurs Talk Financial Inclusion on Juneteenth,"Racial diversity and financial inclusion are good for cryptocurrency and blockchain – and the industry has work to do. That was the overarching conclusion of a virtual Juneteentheventput together byCleve Mesidor, founder of the National Policy Network of Women of Color in Blockchain. Juneteenth is the celebration of June 19, 1865, when the last group of enslaved African Americans were made aware of the Emancipation Proclamation that U.S. President Abraham Lincoln had signed two years earlier. Re",retained,2,threshold_2,title_specific,,
news_9589cfc4140b0a7e9ff6,2020-06-02 08:00:00+00:00,2020,CoinDesk,Bitcoiners Sprint to Improve Lightning Network in 2-Day Virtual Hackathon,"As coronavirus is changing everyone’s lives, making it harder to go outside or interact with friends and family, people are leaning more than ever on digital video platforms to live a “normal” life. That includes Bitcoiners who are fine-tuning the organization of hackathons in the virtual realm. Several timesaround the globe, German lightning research startup Fulmo has put on the event Lightning Hack Day, where developers gather to hack and share new exciting ideas to further the network or the ",retained,2,threshold_2,title_specific,,
news_f92548f9532922fc45d0,2020-03-18 06:00:00+00:00,2020,CoinDesk,Mark Karpeles Accuses Plaintiff in Mt. Gox Lawsuit of Attempting to ‘Thwart’ Court,"The former CEO of Mt. Gox has claimed the plaintiff holding him liable for losses incurred after the exchange collapsed breached precedent by changing the claims in his complaint. In a motion filed with the federal court of the Northern District of Illinois on Monday, Mark Karpeles claims Gregory Greene, who first sued in February 2014, changed the underlying basis for his claim in an attempt to “thwart” a motion calling for summary judgment. Karpeles says Greene – whofiledhis initial complaint ",retained,2,threshold_2,title_specific,,
news_7fff125218972822cd6a,2020-06-17 19:00:00+00:00,2020,CoinDesk,"What Satoshi Understood: Nobody Knows You’re a Dog on Social Media, Feat. The Crypto Dog","A conversation about pseudo-anonymity, global digital nomadism and the trader’s mindset. Formore episodesand free early access before our regular 3 p.m. Eastern time releases, subscribe withApple Podcasts,Spotify,Pocketcasts,Google Podcasts,Castbox,Stitcher,RadioPublica,iHeartRadioorRSS. This episode is sponsored byBitstampandCiphertrace. • Big tech vs. the American political rightandleft • Why TikTok users are pretending to love China for clout • Decentralizing venture capital Related:What Sato",retained,2,threshold_2,title_specific,,
news_58b18f04651bdaf9d1a7,2021-05-13 13:35:00+00:00,2021,BeInCrypto,"Sothebys Closes $12.9M Banksy Auction, First Paid in Crypto","Celebrated auction house Sothebys has accepted payment in cryptocurrency for the first time. According to a recent tweet , Sothebys sold Banksys Love is in the Air for $12.9 million. The auction took place over 14 minutes between four different prospective buyers. This is the first artwork purchased with crypto since Sothebys announced it would be accepting bitcoin (BTC) and ethereum (ETH) as payment. However, it was not revealed which cryptocurrency was used as payment in the auction. In ",retained,3,score_3,content_repeated,,
news_9bfbca825ed3076ae0bf,2021-09-28 11:40:29+00:00,2021,Yahoo Finance UK,Cryptocurrencies sink as miners take stock of China crackdown,"Major cryptocurrency prices headed lower on Tuesday afternoon in London, losing yesterday's gains as traders took stock of the fallout from Beijing's crackdown on mining. Prices had tumbledon Friday afternoonas the People's Bank of China (PBOC) said all cryptocurrency-related transactions were illegal. These had staged a small recovery yesterday as markets took a breather. By 12.15pm in London on Tuesday, bitcoin (BTC-USD) had lost 3.9%, to trade at $41,916, edging further away from the key $50,",retained,3,score_3,content_repeated,,
news_aefc7df7e7185f5888c2,2021-11-22 21:37:11+00:00,2021,CoinDesk,Market Wrap: Cryptocurrencies Fade on News That Powell Will Be Renominated as Fed Chairman,"Bitcoin traded lower on Monday after buyers failed to sustain a weekend rally toward $60,000. The cryptocurrency was trading at around $56,000 at press time and is down about 5% over the past 24 hours. Equities and cryptocurrencies initially ticked higher earlier during New York trading hours after U.S. President Joe Biden said he willrenominateFederal Reserve Chairman Jerome Powell, following some speculation that Fed Governor Lael Brainard could replace Powell to lead the central bank for the ",retained,3,score_3,content_repeated,,
news_5e4f4e01171ddc2a65f6,2021-11-23 08:46:46+00:00,2021,FX Empire,Total Crypto Market Cap Drops Below $2.7 Trillion as Correction Continues,"The cryptocurrency market has been underperforming over the past two weeks, with the prices of most coins down by over 10%. The cryptocurrency market has been in a bearish trend for the last two weeks, with most cryptocurrencies losing more than 10% of their values during that period. The total cryptocurrency market cap reached an all-time high of $3 trillion earlier this month. The rally towards the $3 trillion mark came when Bitcoin andEthertouched new all-time highs above $69,000 and $4,800, ",retained,3,score_3,content_repeated,,
news_819db5c1fb1952eb74aa,2021-03-15 20:27:19+00:00,2021,CoinDesk,5 Legal Considerations When Dealing in NFTs,"Recently, I’ve been getting a ton of inbound relating to non-fungible tokens, or NFTs. For those of you living under a rock, an NFT is an object, on a decentralized system such as Bitcoin or Ethereum, designed to besui generis,i.e., unique. This is in contradistinction to cryptocurrency tokens, where one unit of cryptocurrency is ostensibly no different from any other, much like one U.S. dollar is ostensibly no different from any other. Preston Byrne, a CoinDesk columnist, is a partner in Anders",retained,2,threshold_2,content_repeated,,
news_beb219d3cb50b2fc283a,2021-06-17 17:40:00+00:00,2021,GlobeNewswire,"Kawakami Inu, the emerging billion dollar joke of the cryptocurrency market?","Kawakami Inu Kawakami Inu Kawakami Inu Tiong Bahru, Singapore, June 17, 2021 (GLOBE NEWSWIRE) -- Meme coins were once seen as a joke in the cryptocurrency market, but their recent price increase is challenging both Bitcoin (BTC) and Ethereum (ETH). Leading this trend is the phenomenon of Dogecoin (DOGE), which can be said to be ""a formidable joke"", when it is in the top 10 of cryptocurrencies with the largest market capitalization. In just the first 4 months of 2021, the price of DOGE has incr",retained,2,threshold_2,content_repeated,,
news_686b70ad38f4c3b0de80,2021-03-15 11:21:01+00:00,2021,The Independent,India to ban ownership of cryptocurrencies,"File image: A visual representation of the digital crypto-currency Bitcoin (AFP via Getty Images) The Indian government seeks to propose a law banning cryptocurrencies under which anyone involved in its trading or holding such assets could be fined, according to reports. Reuters news agency on Monday quoted a senior government official with direct knowledge of the plan as saying that the bill would criminalise possession, issuance, mining, trading and transferring crypto-assets. One of the main ",retained,2,threshold_2,content_repeated,,
news_9e17599e12d44a1c658f,2021-06-04 21:13:28+00:00,2021,CoinDesk,Africa ‘Is Leading Global Cryptocurrency Adoption’: Paxful CEO,"“Everyone should have all eyes on Africa right now,” said Ray Youssef, CEO of peer-to-peer lending platform Paxful during CoinDesk TV’s “First Mover” show on Friday. Youssef said the number of transactions on Paxful in Africa, combined with Google searches primarily from Nigeria, reflect the “tremendous momentum” around cryptocurrency adoption. “Africa’s leading [in] global cryptocurrency adoption,” he said. Related:Paxful Launches Tool Allowing Businesses to Receive Payment in Bitcoin According",retained,2,threshold_2,content_repeated,,
news_ff31e549eb58a656e857,2021-04-05 11:34:00+00:00,2021,BeInCrypto,Swipe (SXP) Briefly Taps New All-Time High,"TheSwipe (SXP)price has been increasing since March 25 and managed to inch over the previous all-time high. SXP is expected to gradually continue increasing towards $8. SXPhas been moving upwards since March 25, when it was trading at a low of $2.62. Since then, it has increased by a full 95%, reaching a high of $5.14. This is only slightly below the previous all-time high price of $4.99, which was reached on Aug. 13. Technical indicators in the daily time-frame are bullish. TheMACDis positive a",retained,3,score_3,content_specific,,
news_4584191b412930e67080,2021-11-05 11:58:24+00:00,2021,Reuters,Kroger looking into fake press release touting acceptance of bitcoin cash,"By Uday Sampath Kumar (Reuters) -Kroger Co is looking into the publication of a fake press release, claiming the acceptance of bitcoin cash at its stores, the grocer said on Friday, after becoming the second major retailer in recent weeks to get entangled in a crypto hoax. The release, which said the grocer would accept the cryptocurrency this holiday season, appeared on Kroger's investor relations page and was later deleted. The company said the page, which gets automatically updated, receives ",retained,3,score_3,content_specific,,
news_1baa0bb3399cd2c1c00d,2021-05-13 13:00:27+00:00,2021,TechCrunch,BRD's Blockset unveils its white-label cryptocurrency wallet for banks and other enterprise clients,"Blockset, the blockchain infrastructure platform for enterprises byBRD, announced early access to its wallet-as-a-service today. The white-label solution gives clients, like financial institutions, the ability to launch wallets that have the same features as BRD’s own mobile cryptocurrency wallet, which now has about 7 million users with over $20 billion assets under protection. Blockset’s clients include some of the largest ATM networks and Japanese investment bank (and BRD investor) SBI Holdin",retained,3,score_3,content_specific,,
news_ce9c9347a82a0d1ebe88,2021-10-19 22:30:00+00:00,2021,Fortune,U.S. crypto companies are at the crossroads of regulation,"Cryptocurrencies are at a regulatory crossroad as the executive and legislative branches of the U.S. government try to decide what path the oversight of programmable money should take. Congress had somevague languagewithin its languishing infrastructure bill to manage crypto, but that bill is not certain to pass both houses. Meanwhile, the White House is considering an expansiveexecutive orderthat seeks to divvy up oversight of encrypted digital assets across various agencies of the executive wi",retained,3,score_3,content_specific,,
news_c91b79817f5ca3ce083e,2021-05-13 21:16:26+00:00,2021,Benzinga,"Fintech Focus For May 14, 2021","Quote To Start The Day:“The way to get started is to quit talking and begin doing.” Source:Walt Disney One Big Thing In Fintech:An activist short seller has written a letter to the chief executive of insurance giant Lemonade with details of an “accidentally discovered” security flaw that exposes customers’ account data. Source:TechCrunch Other Key Fintech Developments: • BTC energy consumptionanalysis. • More startups, VCstargetlending. • Modern Treasuryaddspartnership. • Rhointrosflexible corpo",retained,5,score_4_plus,content_specific,,
news_910463f04c59cf30fcbd,2021-02-10 11:00:00+00:00,2021,GlobeNewswire,Canaan Announces Improved Revenue Visibility in 2021,"BEIJING, China, Feb. 10, 2021 (GLOBE NEWSWIRE) -- Canaan Inc. (NASDAQ: CAN) (""Canaan"" or the ""Company""), a leading high-performance computing solutions provider, today announced that its revenue visibility has improved substantially in 2021 as a result of attaining purchase orders totaling more than 100,000 units of bitcoin mining machines from customers in North America. Many of those purchase orders were placed with prepayment and will likely occupy the Company’s current manufacturing capacity",retained,5,score_4_plus,content_specific,,
news_bc30f7174cf118d152a1,2021-10-21 13:11:51+00:00,2021,CoinDesk,Crypto Market Cap Surges to Record $2.7T,"As bitcoin (BTC) rallied to an all-time high of $66,000 on Wednesday, the market capitalization for all cryptocurrencies has pushed to a new record of $2.7 trillion, according to data from CoinGecko. Ether(ETH), the native cryptocurrency of the Ethereum network, has also been climbing. The cryptocurrency hit a five-month high over $4,200 early Thursday. The industry’s total market cap has more than tripled since the beginning of this year, when it stood at $770 billion. The surge in the overall ",retained,5,score_4_plus,content_specific,,
news_7711fad86661264e7cc4,2021-12-03 08:26:51+00:00,2021,FX Empire,"Grayscale Writes SEC, Says it is Breaking the law","Early this year, one of the major struggles the crypto community had to deal with was the reluctance of the United States Securities and Exchange Commission (SEC) to approve a crypto-related exchange-traded fund (ETF). With the SEC now finally approving a number of Bitcoin futures ETFs like that ofProSharesandVanEck, the focus has shifted as the community now wants the financial regulator to approve one of the numerous Bitcoin spot ETF applications before it. The most recent effort from the comm",retained,5,score_4_plus,content_specific,,
news_4d41a4aaee63e2997b80,2021-03-04 11:03:11+00:00,2021,Zacks,"Zacks Market Edge Highlights: Square, CBOE Global Markets, Accenture and IBM","For Immediate Release Chicago, IL – March 4, 2021 – Zacks Market Edge is a podcast hosted weekly by Zacks Stock Strategist Tracey Ryniec. Every week, Tracey will be joined by guests to discuss the hottest investing topics in stocks, bonds and ETFs and how it impacts your life. To listen to the podcast, click here: How to Invest in Blockchain Stocks in 2021 Welcome to Episode #262 of the Zacks Market Edge Podcast. Every week, host and Zacks stock strategist, Tracey Ryniec, will be joined by guest",retained,2,threshold_2,content_specific,,
news_66030136abbd754d0234,2021-12-22 15:35:30+00:00,2021,FX Empire,GBP/USD Price Forecast – British Pound Reaches Top of Consolidation Range,"TheBritish poundhas rallied significantly during the course of the trading session on Wednesday to reach towards the 1.3325 handle. The market is getting dangerously close to the top of the overall consolidation area, so it does make a certain amount of sense that we could be looking for exhaustion. We do not have that yet, but it certainly looks as if we are getting to an area where we should start seeing the potential of exhaustion. At this point in time, the 50 day EMA is starting to race dow",retained,2,threshold_2,content_specific,,
news_832af2c41602441777c4,2021-11-05 17:52:11+00:00,2021,Business Insider,Kroger says it is not accepting bitcoin cash after fake press release sends the crypto briefly soaring,"• Kroger on Friday confirmed it is not accepting bitcoin cash after a fake press release said it would. • Media outlets initially fell for the hoax, which led to a brief 5% bitcoin cash price rally. • The incident was reminiscent of what happened with Walmart in September. • Sign up here for our daily newsletter, 10 Things Before the Opening Bell. Kroger Companyon Friday confirmed it is not accepting bitcoin cash after a fake press release said the American grocery chain was embracing cryptocurr",retained,2,threshold_2,content_specific,,
news_48072e119f5810129f0b,2021-06-04 22:00:00+00:00,2021,GlobeNewswire,HIVE Blockchain Becomes a Limited Partner in Alpha Sigma Capital Fund,"HIVE Invested into Alpha Sigma Capital’s Flagship Multi-Strategy Fund Focused on Investing in Leading Blockchain Companies Los Angeles, CA, June 04, 2021 (GLOBE NEWSWIRE) -- (via Blockchain Wire ) Alpha Sigma Capital (ASC) , a pioneering digital asset fund focused on the blockchain economy and the shift to a decentralized Web3 infrastructure announced today the investment of HIVE Blockchain Technologies Ltd . (HIVE: TSX-V) into its flagship fund launched in January of 2020. The fund invests in c",retained,2,threshold_2,content_specific,,
news_36694e317dd5f96ff7e7,2021-12-17 21:10:02+00:00,2021,Yahoo Finance,"Why tax season may be adding to the rout in Bitcoin, cryptocurrencies","Starting in 2022, the Internal Revenue Service (IRS) is expected to shut down a longtime tax loophole that allows cryptocurrency investors to harvest their losses to offset their tax burden. Digital coins, already under heavy selling pressure as the holidays approach, are getting hit by wealthy investors fearing a tighter tax regime next year. The shrinking loophole could be making matters worse. Following a""relief rally"" after the Federal Reserve's policy decision, cryptocurrencies have been ha",retained,3,score_3,title_primary,,
news_83cf4ada1e1fa1b0ae84,2021-06-03 05:58:33+00:00,2021,CoinDesk,Apple Co-Founder Steve Wozniak Loses Case Against YouTube Involving Bitcoin Scam,"Apple co-founder Steve Wozniak lost his lawsuit against social media giant YouTube for the unintended use of his image in videos promoting abitcoinscam. According to areport by Bloombergon Wednesday, Santa Clara County (Calif.) Superior Court Judge Sunil R. Kulkarni said YouTube and its parent company Google were protected under federal law from responsibility for their users’ posts. Wozniak alleged the publisher allowed the use of his image and sold targeted ads to drive traffic to the videos, ",retained,3,score_3,title_primary,,
news_2fc31e244a2bf6a947f1,2021-09-08 18:34:00+00:00,2021,GlobeNewswire,"Proactive headlines including Bitcoin, ESE Entertainment, Gatling Exploration, Redhill Biopharma and Adyton Resources","New York , Sept. 08, 2021 (GLOBE NEWSWIRE) -- Proactive, provider of real-time news and video interviews on growth companies listed in the US and Canada, has covered the following companies: • SIGMA Lithium announces appointment of Ana Cabral and Calvyn Gardner as its co-CEOs, and Felipe Peres as its new CFOclick here • Amarillo Gold discovers new primary gold deposit on its Mara Rosa property in Brazilclick here • AIM ImmunoTech submits pre-Investigational New Drug application to the US FDA for",retained,3,score_3,title_primary,,
news_9b8e12f55f152770d2bf,2021-10-05 13:32:34+00:00,2021,Evening Standard,"FTSE 100 Live: Bitcoin back at $50,000, Brent crude above $80, Facebook looks to recover from tech sell-off","Oil prices at multi-year highs and pressure on the valuations of Wall Steet tech giants including Facebook have set the scene for another testing session in London. The failure of OPEC and its allies to expand on their existing production targets meant Brent crude yesterday spiked at $81 a barrel, which is where it remains today to add to concerns about inflationary pressures in the global economy. London stocks in focus today include entrepreneur Matt Moulding's Hut Group after an eight-day los",retained,3,score_3,title_primary,,
news_752ff363e6652bd20789,2021-04-25 10:09:05+00:00,2021,BeInCrypto,Popular Trader Calls Biden Presidency ‘a Big Negative Factor for Bitcoin’,"Newly elected U.S President Joe Biden has only been in office for several months. However the President is making sweeping changes across the board that could impact bitcoin and cryptocurrencies. President Biden is set to impose new capital-gains tax laws that are set to predominantly affect the wealthy. The proposed tax laws are set to benefit the population by funding programs, without damaging the economy. Theproposedtax rate could go as high as 43.4%. The news appears to have negatively impa",retained,6,score_4_plus,title_primary,,
news_2b59961fc6b0d67aaf36,2021-12-06 09:47:16+00:00,2021,BeInCrypto,Bitcoin vs Gold: El Salvador President and Peter Schiff Duke it Out Online,"BeInCrypto – The ongoing debate over the merits of investing in bitcoin or gold has continued over the weekend with El Salvador’s pro-BTC president Nayib Bukele getting into it with gold bug Peter Schiff. This storywas seen first onBeInCryptoJoin our Telegram Groupand get trading signals, a free trading course and more stories likethisonBeInCrypto",retained,6,score_4_plus,title_primary,,
news_aaa91c5e9ed59946cab1,2021-01-03 09:06:04+00:00,2021,CoinDesk,"Bitcoin Blasts Past $34K for First Time, Less Than 24 Hours After Blowing Through $30K","Another day, another $1,000-plus increase in bitcoin’s price, bringing the leading cryptocurrency’s combined gains this new year to about $5,000. • The price ofbitcoinsurged past $34,000 for the first time ever early Sunday morning Eastern time, extending a record-setting holiday rally and adding an immediate exclamation point to the Bitcoin Network’s 12-year anniversary. • Once the price of the leading cryptocurrency crossed the $30,000 mark for the first time Saturday – something it had strugg",retained,6,score_4_plus,title_primary,,
news_7a556ca05fc818c89c03,2021-09-06 21:02:24+00:00,2021,Reuters,"UPDATE 3-El Salvador holds 400 bitcoin, price jumps","(Adds second tweet from El Salvador president, updates bitcoin price) SAN SALVADOR, Sept 6 (Reuters) - El Salvador holds 400 bitcoins, President Nayib Bukele said on Monday, one day before the country formally adopts it as legal tender alongside the U.S. dollar. Bitcoin temporarily climbed above 1.49% to more than $52,680 on Monday evening, Refinitiv Eikon data showed, with a Reuters market analyst putting it on track for $56,000-$56,300. Earlier on Monday, Bukele unveiled that El Salvador had b",retained,6,score_4_plus,title_primary,,
news_f5d17e33701d6b5aff3d,2021-05-31 16:43:42+00:00,2021,CoinDesk,Voting on a Proposal to Reimburse Mt. Gox Victims Begins Today,"The trustee presiding over the Mt. Gox civil rehabilitation case has taken the next step toward partially reimbursing victims who lost money to the cryptocurrency exchange in hacks that date back nearly a decade. As of today, claimants canbegin to voteon whether or not they will accept the civil rehabilitation proposal. The deadline for claimants to cast their vote online is Oct. 8. Significantly, the notice from the trustee states: Related:UK Court Will Let Craig Wright Serve Claims Against 16 ",retained,3,score_3,title_specific,,
news_5ae0d3ffc597790ad5fc,2021-11-19 17:39:45+00:00,2021,Benzinga,"RAAF Wing Commander Donald Lynam: Craig Wright Discussed Using the ""Satoshi Nakamoto"" Pseudonym with Me","TheKleiman v Wrighttrial is already on its 12th day in court. The plaintiff rested its case on the 10th day, and yet, there has been no seriously compelling evidence that proves their allegation of Craig Wright cheating David Kleiman out of half the credit for being theSatoshi Nakamoto pseudonymwho wrote the Bitcoin white paper and half of the 1.1 million Satoshi coins. Brief Background Kleiman v Wright is a civil case wherein Ira Kleiman, representing his late brother David Kleiman’s estate and",retained,5,score_4_plus,title_specific,,
news_60aa0642db56370a313b,2021-05-09 11:39:38+00:00,2021,BeInCrypto,‘Time to Switch to Satoshis’ says Novogratz,"Mike Novogratz, CEO of Galaxy Digital,has taken to Twitter to make a case for Satoshis (SATS) to replace Bitcoin (BTC) on exchanges. The tweet, issued late on May 8, suggests that SATS, the smallest unit of BTC, should be listed on exchanges instead of the world’s largest cryptocurrency. Novogratz alluded to people telling him that, at $58,000, BTC is too expensive.Reports indicatethat using SATS as a quote currency will make BTC more appealing to the average user. One SATS equates to 0.00000001",retained,5,score_4_plus,title_specific,,
news_e5032341019c5f4118ab,2021-07-04 15:00:00+00:00,2021,BeInCrypto,"“I Definitely Want This to Be the Satoshi Nakamoto Statue of Planet Earth,” Says Creator András Györfi","BeinCrypto spoke to András Györfi,creator of the world’s first physical statue of Bitcoin creator Satoshi Nakamoto, about his creation and its upcoming unveiling. Györfi created the statue after being inspired by blockchain’s significance and the artistic qualities of non-fungible tokens (NFTs). Although a physical manifestation of something inherently digital, Györfi feels that physical things have more significance in an increasingly digital world. “Living in the digital age increases the valu",retained,5,score_4_plus,title_specific,,
news_a4f0997a1dfb46cc5630,2021-12-08 16:14:33+00:00,2021,CoinDesk,There Was No ‘Satoshi Nakamoto’ Lawsuit,"A verdict arrived Monday in the civil trial between Craig Wright and the estate of former collaborator Dave Kleiman. A jury found Wright guilty of intellectual property theft and has ordered him to pay $100 million in damages to an entity he founded with Kleiman, W&K Info Defense. At the same time, the jury found Wright not guilty of stealing half of the proceeds of a bitcoin mining business which plaintiffs claimed was a partnership with Kleiman. But some publications are offering a much differ",retained,5,score_4_plus,title_specific,,
news_0048b4ac967298f7873d,2021-09-30 14:00:00+00:00,2021,Bloomberg,"Binance Hires Ex-U.S. Agent Who Led Probes on Silk Road, Mt. Gox","(Bloomberg) -- Binance, the world’s biggest cryptocurrency exchange, hired a former U.S. Internal Revenue Service special agent who worked on some of the digital-asset world’s most high-profile investigations. Most Read from Bloomberg • Christmas at Risk as Supply Chain ‘Disaster’ Only Gets Worse • Reshaped by Crisis, an ‘Anti-Biennial’ Reimagines Chicago • This Is What Europe’s Green Future Looks Like • Ghana’s Record Cocoa Harvest Is Bittersweet for Export Industry Tigran Gambaryan -- who led ",retained,2,threshold_2,title_specific,,
news_3c5e69a1246686471f17,2022-03-01 02:08:33+00:00,2022,Forkast News,Crypto market gained $200B in the last 12 hours,"The globalcryptocurrency market caprecovered above US$2 trillion since dropping below the mark in mid-February, in a US$200 billion 12-hour run.See related article:Bitcoin, crypto market tank as Putin declares war on Ukraine • Bitcoin’s price jumped over US$2,000 in a 10-minute window from 6:30 am HKT Tuesday to mark a ceiling of US$44,198 before tracing down to US$43,421, as of press time. • Bitcoin is up 15.6% in the past 24 hours. • The price action coincided with historically neutralSwitzerl",retained,3,score_3,content_repeated,,
news_d3feb05ac28ab73290a7,2022-07-08 12:00:47+00:00,2022,GOBankingRates,"6 Other Times People Predicted the End of Crypto, and How That Compares to Now","When it comes tocryptocurrency, predictions tend to be along the boom-or-bust variety. For every pundit saying bitcoin will soon hit $100,000, there’s another predicting it will eventually go to zero. See:7 Secret Money Traps at WalmartMore:10 Surprisingly Affordable Places To Own Waterfront Property However, it’s premature to say whether either of these extreme predictions is accurate. Only time will tell if the cryptocurrency market in general is a speculative sham that will eventually become ",retained,3,score_3,content_repeated,,
news_8102ed19e786c653c629,2022-07-18 15:08:04+00:00,2022,Yahoo Finance,"Crypto market cap regains $1 trillion ahead of Ethereum merge, bankruptcy proceedings","For the first time in five weeks, the total market capitalization for crypto assets climbed above $1 trillion on Monday. The relative milestone comes as three key crypto bankruptcy proceedings get underway and investor expectations around Ethereum's long-awaited merge continue to build. Crypto's move to regain the trillion dollar market cap follows a catastrophic second quarter for the asset class. Bitcoin (BTC-USD) changed hands above $22,000 for most of Monday morning, with its move over the l",retained,3,score_3,content_repeated,,
news_fa41b599ecd94af2f45a,2022-05-12 09:35:51+00:00,2022,FX Empire,Crypto Market Gets Crushed With Tether (USDT) Giving Up Dollar Parity,"• Bitcoin (BTC) is the best of the worst today, falling by 10% to sub-$28,000 levels. • The rest of the crypto top ten are down by more than 20% over the last 24-hours. • Market angst over stablecoin pegs to the dollar weighed, with Tether (USDT) the latest to lose its peg. There is no respite for the crypto market as stablecoin woes continue to hit investor sentiment. On the news front, there was little to provide investors with a shift in focus, with the crypto top ten hitting new 2022 lows. T",retained,3,score_3,content_repeated,,
news_dabcf905905eab8963c2,2022-05-26 11:00:00+00:00,2022,GlobeNewswire,Bitfarms Welcomes Investors to Meet the Management Team and Tour its Operating Facilities on June 22,"- Analyst and Institutional Investor Day Features Senior Management Presentations – TORONTO, Ontario and BROSSARD, Québec, May 26, 2022 (GLOBE NEWSWIRE) --Bitfarms Ltd.(NASDAQ: BITF // TSX: BITF), an industry-leading global Bitcoin self-mining company, will host an Analyst and Institutional Investor Day on June 22, 2022, both online and in-person in Montreal. Attendees will see Bitcoin being mined in real-time and experience first-hand why Bitfarms is one of the best-run miners in the industry. ",retained,2,threshold_2,content_repeated,,
news_6a879695f60212a566e6,2022-10-13 08:00:00+00:00,2022,CoinDesk,Crypto Banking Platform BVNK Wins Registration in Spain,"Crypto banking and payments platform BVNK has won registration as a virtual asset services provider (VASP) in Spain. Registration with the Bank of Spain will allow BVNK to offer its services to corporates across the country. BVNK helps businesses to provide crypto services that are not otherwise offered through existing payment and settlement providers. Its business accounts support more than 100 cryptocurrencies, including bitcoin (BTC), ether (ETH), Cardano's ADA and Solana's SOL. In an announ",retained,2,threshold_2,content_repeated,,
news_8e9a7196fdaac2614509,2022-06-29 05:45:20+00:00,2022,Forkast News,Roger Ver denies defaulting on US$47 mln loan from CoinFLEX,"Early Bitcoin adopter and Bitcoin Cash promoter Roger Ver has denied defaulting on a US$47 million loan in USDC to beleaguered cryptocurrency exchange CoinFLEX. See related article:CoinFLEX to issue US$47 mln in tokens as it waits for ‘crypto whale’ to pay up • Ver tweeted overnight in Asia timethat rumors of the debt are false without mentioning CoinFLEX, but insisted it was the counterparty who owed him “a substantial sum of money.” • Shortly after, CoinFLEX CEO Mark Lambreplied on Twitterthat",retained,2,threshold_2,content_repeated,,
news_10b818f81ebd8bac24c0,2022-07-18 13:06:40+00:00,2022,CoinDesk,Celsius Outlines Next Steps as Bankruptcy Proceedings Begin,"ACelsius Network presentationahead of Monday afternoon's bankruptcy court hearing offers a snapshot of the company's current situation and broad picture of what a restructuring might look like. • Asreportedlast week, Celsius has $4.3 billion in reported assets which includes $600 million in the now depleted CEL token, as well as $5.5 billion in liabilities. • Among next steps, the company is hoping its sizable mining subsidiary can use minted bitcoin (BTC) to both grow its balance sheet and fund",retained,2,threshold_2,content_repeated,,
news_b6612afb9275d5bd7fa6,2022-06-16 12:50:00+00:00,2022,CoinDesk,Sell the Ethereum Merge,"Don't miss CoinDesk'sConsensus 2022, the must-attend crypto & blockchain festival experience of the year in Austin, TX this June 9-12. I don't usually make short-term prognostications about asset prices. But occasionally financial markets lob a fat pitch. Well-followed traders of digital assets, such as Arthur Hayes, Mark Cuban and Travis Kling, have made very public statements (e.g.,here,hereandhere) about how bullish the upcomingEthereum Mergewill be for the price of ETH. I think the opposite ",retained,3,score_3,content_specific,,
news_4e6591251a8fd7b1192f,2022-02-02 09:33:13+00:00,2022,CoinDesk,Crypto Donations to Tor Surged 841% in 2021,"Crypto donations to privacy-focused non-profit The Tor Project surged 841% in 2021 compared with the previous year, Tor said in a blog post from Monday. The Tor Project steers the development of the privacy network and web browser Tor. On Jan. 31, the team publishedthe resultsof its biggest fundraising drive, which took place over the last few months of 2021. Of $940,000 raised, 58% of donations were in cryptocurrencies. This is a much larger percentage compared to 2020, when donors sent $58,000",retained,3,score_3,content_specific,,
news_5d83871649bbbe9a0038,2022-02-25 15:39:27+00:00,2022,BuzzFeed News,From China To Kazakhstan To Texas: The Great Crypto Migration To The US Is Underway,"When the Chinese government banned all crypto mining in summer last year, the crypto mining company BitFuFu packed its 80,000 high-powered computers into containers and trucked them across the border to Kazakhstan, where electricity was cheap and regulations lax. Then, months later, when persistent electricity shortages in Kazakhstan forced the company to slow its operations, BitFuFu abandoned these rigs and shipped shiny new equipment directly to the United States, where it is now setting up sh",retained,3,score_3,content_specific,,
news_7697e69b32bfd732f8be,2022-11-18 12:00:00+00:00,2022,GlobeNewswire,"LM Funding America, Inc. Reports Financial Results and Provides Business Update for the Third Quarter of 2022","Expected to Have Approximately 2,700 Miners Mining by Year’s End, Up From 848 Machines as of September 30, 2022 Reports working capital of $15.5 million and stockholders’ equity of$62.2 million ($4.75 per share) as of September 30, 2022 Conference Call to Be Held Today at 11:00 am ET TAMPA, Fla., Nov. 18, 2022 (GLOBE NEWSWIRE) --LM Funding America, Inc. (NASDAQ:LMFA) (""LM Funding"" or the ""Company""),a cryptocurrency mining and technology-based specialty finance company, today provided a business ",retained,3,score_3,content_specific,,
news_b65a8d5770767b23b6b6,2022-05-20 12:13:12+00:00,2022,Zacks,Core Scientific and Plains All American Holdings have been highlighted as Zacks Bull and Bear of the Day,"Chicago, IL – May 20, 2022 – Zacks Equity Research shares Core ScientificCORZas the Bull of the Day and Plains All American Holdings PAA asthe Bear of the Day. In addition, Zacks Equity Research provides analysis on MGE Energy Inc. MGEE and Hawaiian Electric Industries Inc. HE. s broader The latest capitulation in the more speculative corners of the market has absolutely crushed Bitcoin-mining groups. Today, these miners are trading deep in oversold territory at fire-sale valuation multiples (ju",retained,5,score_4_plus,content_specific,,
news_948ae29ca151f2fde479,2022-09-21 18:20:42+00:00,2022,CoinDesk,"Amid Market Rout, Crypto Miners Are Still Building","Throughout the summer, CoinDesk traveled to two U.S. states to visit bitcoin (BTC) mines to see how, even in the midst of a crypto winter, miners are still building data centers to power the Bitcoin network. Bitcoin miners have had a tough few months as the price of the world’s largest cryptocurrency has dropped precipitously. With low bitcoin prices, miners’ revenues have diminished, and some have been forced to sell their minedtokens, machines and evenfacilitiesfor cash to run their operations",retained,5,score_4_plus,content_specific,,
news_adb71b25bf6dbac8e641,2022-04-26 21:32:00+00:00,2022,NY Daily News,Lawmakers defend New York’s potential crypto mining moratorium as bill passes Assembly,"ALBANY — An upstate assemblywoman is battling bitcoin supporters as she defends a bill that would place a two-year moratorium on crypto mining in New York. Assemblywoman Anna Kelles (D-Ithaca) sparred on social media as she sought to clarify the intent of a bill meant to give the state time to assess environmental impacts of the controversial crypto mining process. “My bill is not a ban on crypto. It’s not even a ban on mining,” Kelles said. “It is a two-year moratorium specifically on cryptocur",retained,5,score_4_plus,content_specific,,
news_b00fcdd84fde7b5c8d3c,2022-03-02 12:00:00+00:00,2022,GlobeNewswire,"Digihost Arranges US$10,000,000 Credit Facility","TORONTO, March 02, 2022 (GLOBE NEWSWIRE) -- Digihost Technology Inc. (“Digihost” or the “Company”) (Nasdaq: DGHI; TSXV: DGHI), an innovative U.S. based Bitcoin self-mining company, is pleased to announce the closing of a US$10,000,000 committed, collateralized revolving credit facility with Securitize, Inc. (the “Loan Facility”). The Loan Facility provides Digihost with significant, non-dilutive, liquidity options to assist in the financing of its aggressive growth strategy. The Loan Facility ha",retained,5,score_4_plus,content_specific,,
news_114844d3cfd4225d717d,2022-01-04 11:15:41+00:00,2022,Investing.com,GE Gains on Credit Suisse Upgrade to Outperform With $122 Target,"By Dhirendra Tripathi Investing.com – General Electric stock (NYSE:GE) traded 3.5% higher Tuesday after Credit Suisse rated it outperform with a target of $122, up 22% from the current level of $100. GE’s shares have lost around 14% since the company’s Nov. 9 decision to split into three businesses – healthcare, energy and aviation. The company plans to keep around 20% in the healthcare business. Analyst John Walsh believes the pullback has created an opportunity for an outperformance in 2022 as",retained,2,threshold_2,content_specific,,
news_9ba326207b8c05dcb77a,2022-03-22 12:15:00+00:00,2022,CoinDesk,"Cardano, Solana and Other Non-ETH Tokens the Focus of New Grayscale Smart Contract Fund","Grayscale Investments unveiled its “Smart Contract Platform ex Ethereum Fund” on Tuesday, aiming to offer exposure to smart contract technology outside of the Ethereum blockchain. • The fund, referred to as “GSCPxE,” will track theCoinDesk Smart Contract Platform Select Ex ETH Index, according to a statement. • Current holdings are Cardano’s ADA with a 24.6% weighting, Solana’s SOL at 24.3%, Avalanche’s AVAX at 17%, Polkadot’s DOT at 16.2%, Polygon’s MATIC at 9.7%, Algorand’s ALGO at 4.3% and St",retained,2,threshold_2,content_specific,,
news_5847d3240d0ed0491978,2022-11-08 16:48:40+00:00,2022,Yahoo Finance,Binance moves to acquire FTX after cryptoworld spat boils over,"Binance is pulling rank in the role of crypto consolidator in chiefamid public tensionswith rival FTX. ""This afternoon, FTX asked for our help. There is a significant liquidity crunch,"" Binance CEO CZtweetedon Tuesday. ""To protect users, we signed a non-binding [letter of intent], intending to fully acquirehttp://FTX.comand help cover the liquidity crunch. We will be conducting a full [due diligence] in the coming days."" A liquidity crunch at FTX — which had been buying up troubled crypto platfo",retained,2,threshold_2,content_specific,,
news_891f2905ba276a1372b8,2022-01-28 14:23:49+00:00,2022,CoinDesk,WisdomTree's Fourth-Quarter Crypto Assets Managed Rises 5-Fold,"Asset manager WisdomTree said crypto assets managed surged fivefold to an average of $406 million in the fourth quarter from $79 million in the year-earlier period. • It had $357 million in crypto assets at the end of 2021, 21% more than at the start of the quarter,the New York-based asset manager reported Friday. Net inflows for the period totaled $28 million. • In November, WisdomTreelisted a trio of crypto basket exchange-traded products (ETPs)in Switzerland and Germany. The products are for ",retained,2,threshold_2,content_specific,,
news_b712b4b1f52649674aa5,2022-03-23 22:22:57+00:00,2022,Fortune,Ethereums blockchain is nearing a huge turning point that could push Ethers market value ahead of Bitcoins,"The blockchain behind the second-largest cryptocurrency, Ether, will soon undergo a highly-anticipated upgrade that may lead to more institutional investors putting money in the network and help lift Ether's price. The goal is to make Ethereum, the blockchain being upgraded, more scalable, secure, and sustainable. Among other things, it would making its crypto mining obsolete, thereby reducing the huge amount of energy required to create new tokens a source of intense criticism. As of now, Bitc",retained,3,score_3,title_primary,,
news_48f55df13f4bdc699440,2022-10-10 04:51:16+00:00,2022,Forkast News,Brazil police bust crypto group led by ‘Bitcoin Sheikh’,Brazil's Federal Police (PF) reportedly halted the operations of a crypto organization that authorities claim defrauded thousands of people worldwide and laundered hundreds of millions in illicit funds.,retained,3,score_3,title_primary,,
news_aaeecdeb53fcc9d2d668,2022-05-30 14:05:00+00:00,2022,Moneywise,How can I quickly pounce on bitcoin's recent bounce? Here are 3 of the simplest ways to start investing in cryptocurrencies,"After roughly 12 years of steady adoption, cryptocurrencies and digital assets are starting to hit the mainstream. There are now more ways to bet on this industry than ever before. Service providers, payment processors and miners have been listed on public stock exchanges. Meanwhile, regulators continue to mullexchange-traded fundsthat track specific digital assets. The barriers to entry are rapidly disappearing. Investors must now consider which instrument is the best fit fortheir portfolio. Si",retained,3,score_3,title_primary,,
news_feb8510e04f674b76ac5,2022-02-08 14:33:49+00:00,2022,FX Empire,"Bitcoin and Ether Form Short-term Top, MATIC Faces Hurdle","In the past few sessions,Bitcoinprice saw a major increase above the $40,000 resistance zone. There was a steady increase above the $42,000 and $43,500 resistance levels. Finally, the price spiked above the $45,000 level. It seems like the bulls faced a strong resistance near the $45,400 and $45,500 levels. A short-term top pattern was formed near $45,500 and the price started a downside correction. It traded below a key bullish trend line with support near $44,000 on the hourly chart. The next ",retained,3,score_3,title_primary,,
news_a6add6746ec3c1055fb2,2022-07-16 00:47:58+00:00,2022,FX Empire,Bitcoin (BTC) Fear & Greed Index Heads Towards the “Fear” Zone,"• Bitcoin (BTC) rose by 1.21% on Friday to extend its winning streak to three sessions. • Positive US retail sales figures and FOMC member chatter delivered the NASDAQ 100 and bitcoin with support. • The Bitcoin Fear & Greed Index jumped from 15/100 to 21/100, reflecting easing fears of another BTC sell-off. On Friday, bitcoin (BTC) rose by 1.21%. Following a 1.71% gain on Thursday, BTC ended the day at $20,827. It was a third consecutive day in the green, with market sentiment towards Fed monet",retained,6,score_4_plus,title_primary,,
news_39bb07088c16f2ce1d4a,2022-04-07 14:15:41+00:00,2022,CoinDesk,Block's Cash App Rolls Out Service to Automate Getting Paid in Bitcoin,"Don't miss CoinDesk'sConsensus 2022, the must-attend crypto & blockchain festival experience of the year in Austin, TX this June 9-12. MIAMI –Cash App, the mobile payment service developed by Block (SQ) (formerly Square), the company led by Twitter (TWTR) co-founder Jack Dorsey, announced at the Bitcoin 2022 conference in Miami on Thursday that it's rolling out three new services, including the following: • Get Paid in Bitcoin allows customers to auto-invest a percentage of their paycheck into b",retained,8,score_4_plus,title_primary,,
news_807fb4495752ccb8b904,2022-02-18 13:30:00+00:00,2022,GlobeNewswire,"Troika Media Group’s Subsidiary, Troika IO, Launches Bitcoin NFTs Backed by Luxury Brands Using the Stacks Blockchain","Troika’s NFT marketplace Redeeem NFT will use NFTs to redeem physical rare luxury goods LOS ANGELES, CA, Feb. 18, 2022 (GLOBE NEWSWIRE) --viaNewMediaWire --Troika Media Group (NASDAQ:TRKA), through its subsidiary, Troika IO, has become the first publicly-traded company to use the Bitcoin ledger to secure its non-fungible tokens (NFTs) backed by luxury brands. With more fashion and luxury brands looking to capitalize on NFTs and crypto offerings, Troika IO will provide a new way for brands to lis",retained,6,score_4_plus,title_primary,,
news_3835d5bd5c53197a92a6,2022-01-05 15:04:21+00:00,2022,Yahoo Finance,Bitcoin is for speculators right now: bond king Jeffrey Gundlach,"DoubleLine founder and well-known bond kingJeffrey Gundlachacknowledges he has never personally owned bitcoin (BTC-USD) even though he was bullish on the benchmark crypto when it was around $4,000. ""That's just not in my DNA. I have really gravitated to bonds in my career. I got shoved in there. Bonds were a necessary evil and somebody had to do it. But it turned out that it's my culture of cowardice if you will. I am not a momentum investor at all. In fact, I am sort of an anti-momentum investo",retained,6,score_4_plus,title_primary,,
news_c54bfa0664d1cfc6c35d,2022-04-06 14:48:27+00:00,2022,CoinDesk,BitPay Merchants to Get a Boost From Lightning Network Payment Integration,"Don't miss CoinDesk'sConsensus 2022, the must-attend crypto & blockchain festival experience of the year in Austin, TX this June 9-12. Merchants on the BitPay platform can now receive payments from more than 100 Lightning-enabled wallets – Cash App and Strike among them – the company said in a statement. • The move will allow both merchants and customers to complete speedy, low-cost and scalable Bitcoin (BTC) transactions, the blockchain payment processing company said. • “BitPay’s integration w",retained,5,score_4_plus,title_specific,,
news_af19654be250b48187f6,2022-05-14 11:30:00+00:00,2022,CoinDesk,"Satoshi's Mission, LUNA, UST and Where Crypto Went Wrong","Don't miss CoinDesk'sConsensus 2022, the must-attend crypto & blockchain festival experience of the year in Austin, TX this June 9-12. ""But they, our ancestors, became arrogant and stiff-necked, and they did not obey your commands. They refused to listen and failed to remember the miracles you performed among them. They became stiff-necked and in their rebellion appointed a leader in order to return to their slavery.” (Nehemiah 9:16-21) Bitcoin’s genesis block is historic, not just because it co",retained,5,score_4_plus,title_specific,,
news_330da1891d318e0b8573,2022-09-29 11:54:39+00:00,2022,CoinDesk,"Craig Wright Asserts He's Satoshi, Again","The identity of Satoshi Nakomoto, the pseudonymous creator of Bitcoin, has been an ongoing mystery since the figure’s retreat from the public eye over a decade ago. Australian computer scientist Craig Wright has asserted he is Satoshi, and has fought those who say otherwise in courts around the world. Few in the crypto community believe his claim. Cheyenne Ligon, CoinDesk regulatory reporter, joins “Opinionated” hostsBen Schiller,Danny NelsonandAnna Baydakovato discuss the latest lawsuit involvi",retained,4,score_4_plus,title_specific,,
news_f4de91823f5bc966638d,2022-09-14 07:45:00+00:00,2022,GlobeNewswire,Lightning Network Startup Neutronpay Raises $2.25M in Seed Funding to Disrupt Legacy Payment Rails Beginning with Vietnam and South East Asia.,"VANCOUVER, British Columbia, Sept. 14, 2022 (GLOBE NEWSWIRE) -- Neutronpay, a Vancouver, Canada and Ho Chi Minh City, Vietnam based startup that enables consumers and businesses to send and receive payments on Bitcoin’s Lightning Network raised USD$2.25M in Seed funding on June 1, 2022. The Lightning Network is a “layer 2” payment protocol which sits atop Bitcoin and facilitates instantly settled payments measured in milliseconds, is capable of millions of transactions per second and allows for ",retained,4,score_4_plus,title_specific,,
news_27cdfb23e497ca959af3,2022-10-20 13:43:11+00:00,2022,CoinDesk,Hodlonaut Wins Norwegian Lawsuit Against Self-Proclaimed ‘Satoshi’ Craig Wright,"Magnus Granath, known on Twitter as “Hodlonaut,” won a lawsuit against Craig Wright on Thursday, a Norwegian judge ruled. Granath sued Wright in Norway to try and preempt a defamation suit Wright planned to bring against Granath in the U.K., where defamation laws are heavily tipped in favor of the plaintiff and monetary damages can be enormous. Read more:Who Can Say Who Is Not Satoshi? Hodlonaut and Wright Go to Trial to Find Out At the center of both cases is a series of tweets, written by Gran",retained,2,threshold_2,title_specific,,
news_432d742a8a7770355bc6,2022-01-06 19:22:31+00:00,2022,CoinDesk,Not Everyone Can Afford to Be Satoshi,"In a recentopen letterreflecting on his invention of the World Wide Web, Tim Berners-Lee first thanked his boss. “I was very lucky, back in 1990, to be allowed some time to sit and code,” he writes, before entering into a straightforward account of how HTTP, HTML and URLs came to be. These three protocols, about 9,555 lines written in the Objective-C programming language, are the backbone of the web as we know it – the communication tool that has, as Berners-Lee puts it,“changed everything.” Thi",retained,2,threshold_2,title_specific,,
news_8fa9b83ed6e3509468ae,2022-06-07 10:00:00+00:00,2022,CoinDesk,Lightning Network Startup Mash Raises $6M Seed Round,"Don't miss CoinDesk'sConsensus 2022, the must-attend crypto & blockchain festival experience of the year in Austin, TX this June 9-12. Mash, a payment platform that uses the Lightning Network to allow creators, builders and developers to make money from the content they publish online, has raised $6 million in seed funding. Castle Island Ventures and Whitecap Venture Partners co-led the funding round. Other notable investors included Maple VC, Strategic Cyber Ventures, Aquanow, Spacecadet Ventur",retained,2,threshold_2,title_specific,,
news_f23c251152d3a6763d0a,2022-07-12 17:39:17+00:00,2022,CoinDesk,Satoshi Wept: How Crypto Replayed the 2008 Financial Crisis,"“Banks must be trusted to hold our money and transfer it electronically, but they lend it out in waves of credit bubbles with barely a fraction in reserve.” – Satoshi Nakamoto, circa 2009 “They mistook leverage for genius.” – Steve Eisman, FrontPoint Partners, circa 2008 (portrayed by Steve Carrell in “The Big Short”) “We are in the process of communicating with relevant parties and fully committed to working this out.” – Zhu Su, Three Arrows Capital, June 15, 2022 Over the past eight weeks a se",retained,2,threshold_2,title_specific,,
news_9f06be97053f67069e00,2023-05-10 13:57:53+00:00,2023,Yahoo Finance UK,Crypto market goes green after US CPI inflation falls to 4.9%,"US inflation has eased to 4.9%. Photo: Getty (Natalia Gdovskaia via Getty Images) The cryptocurrency market cap has increased, with the value of bitcoin rising back above $28,000, (£22,000) after US inflation eased in April. According to the US Bureau of Labor Statistics' Consumer Price Index released on Wednesday, the annual US inflation rate slowed to 4.9% in April, down from 5.0% in March and contrary to economist forecasts that had expected a figure of over 5.0%. Amid speculation that lower ",retained,3,score_3,content_repeated,,
news_ab1e34d4f25e022c93f4,2023-05-06 12:30:00+00:00,2023,Forkast News,"Central bank digital assets can legitimize risk in the crypto space, says Standard Chartered’s Geoff Kendrick","After making waves in April with a prediction that Bitcoin would surge to US$100,000 by the end of 2024, Geoff Kendrick, crypto research chief at Standard Chartered Bank, insists there’s more to crypto than its most dominant digital asset. But after the turmoil of the past year — the high profile collapse of stablecoinTerraUSD, the centralized exchangeFTXand atrioof crypto-friendly banks — investors need reassurance that their digital assets won’t fall foul of any further meltdowns. For Kendrick",retained,3,score_3,content_repeated,,
news_9d73d01df7a95a0aa744,2023-07-04 09:16:07+00:00,2023,Decrypt Media,Aptos Jumps 10% Overnight as South Korea Trading Volumes Spike,"Aptos (APT) topped crypto market gains on Tuesday at 10% amid a surge in trading volumes in South Korea; the token was last trading at $8.15, perCoinGecko. Bitcoin's (BTC) positive price action above$31,000 yesterdayhas likely added to the positive sentiment.Ethereum(ETH) buyers are also attempting to move past resistance between $1,950 and $2,000. An anomaly in trading volumes might explain the latest APT price surge. Korean crypto exchange Upbit captured the maximum share of trading volume—nea",retained,3,score_3,content_repeated,,
news_98c71a05015f932e8e89,2023-08-02 08:55:35+00:00,2023,CoinDesk,"Litecoin Halving Unlikely to Drive Immediate Price Gains, Past Data Show","• Later Wednesday, Litecoin's blockchain will cut per block reward to 6.25 LTC from 12.5 LTC. • Litecoin's native token LTC was little-changed to negative for months following the previous two halvings. The Litecoin Network, created in 2011 as a fork of Bitcoin, is set to implement itsthird mining-reward halvinglater Wednesday, reducing the pace of expansion in the supply of its native token,LTC. Halving is a process by which the per-block reward given to miners in a crypto network for verifying",retained,3,score_3,content_repeated,,
news_d5fa8acd2fd0a60fc474,2023-11-20 18:13:37+00:00,2023,The Telegraph,"British Library staff passports leaked online as hackers demand £600,000","British Library staff passports have been leaked online as ransomware hackers demanded £600,000 for the documents, paid in the cryptocurrency Bitcoin. Rhysida, a cyber crime gang, claimed responsibility for the hack that hasparalysed the operations of the national libraryfor weeks. The group listed the British Library as a victim on its darknet website, publishing low resolution snippets of data it says it has stolen. The images included passport photos and HMRC employment records, cyber securit",retained,2,threshold_2,content_repeated,,
news_1270499c5572e25fca6d,2023-04-11 07:06:05+00:00,2023,CoinDesk,Aptos Jumps 8% Ahead of $50M Token Unlock,"Join the most important conversation in crypto and web3! Secure your seat today Millions of Aptos Labs' APT tokens will be unlocked on Wednesday in a planned move thats set to increase the token's circulating supply by 0.5%, data shows. The unlock is expected to occur at 05:30 UTC. APT rose nearly 8% in the past 24 hours, CoinGecko data shows, outperforming bitcoin ( BTC ) and the broader market. The Aptos network has a market cap of over $2.3 billion. The APT unlock is valued at over $50 milli",retained,2,threshold_2,content_repeated,,
news_7cdfeae5d73bf12f0efa,2023-06-01 23:37:08+00:00,2023,InvestorPlace,The 7 Hottest Stocks and Cryptos on the Market,"With plenty of momentum, some of the hottest stocks and cryptos to buy are showing big signs of life. In fact, as we enter the second half of 2023, let’s take a look at seven of those hot opportunities, including: [{""NVDA"": ""META"", ""Nvidia"": ""Meta Platforms"", ""$397.70"": ""$272.61""}, {""NVDA"": ""XMR-USD"", ""Nvidia"": ""Monero"", ""$397.70"": ""$147.38""}, {""NVDA"": ""AI"", ""Nvidia"": ""C3.AI"", ""$397.70"": ""$34.72""}, {""NVDA"": ""BTC-USD"", ""Nvidia"": ""Bitcoin"", ""$397.70"": ""$26,882.20""}, {""NVDA"": ""PANW"", ""Nvidia"": ""Pal",retained,2,threshold_2,content_repeated,,
news_1783eb020d23d531a9df,2023-12-27 13:19:00+00:00,2023,Zacks,3 Stocks to Watch as Approval of Crypto ETF Applications Looms,"As of Dec 27, the price of bitcoin (BTC) has gained 155.2% year to date after collapsing in November 2022 following the fall of FTX, the exchange founded by Sam Bankman-Fried. Ethereum (ETH) is up 86.1% in the same period. The crypto recovery in 2023 has been led by the possibility that the Securities and Exchange Commission (“SEC”) could finally start approving crypto spot ETF filings, and pave the path for the benchmark crypto to go mainstream. There had been roadblocks, however, as the SEC wa",retained,2,threshold_2,content_repeated,,
news_701561bdc5f770a884c9,2023-08-07 12:00:00+00:00,2023,GlobeNewswire,SAI.TECH Announces to host the upcoming “2nd Bit Heat Day” at its newly powered up U.S. R&D Center SAI NODE Marietta in Ohio,"SINGAPORE, Aug. 07, 2023 (GLOBE NEWSWIRE) -- SAI.TECH Global Corporation (“SAI.TECH” or “SAI” or the “Company”, NASDAQ: SAI, SAITW) is proud to announce the return of its 2nd “Bit Heat Day,” which will take place on August 9, 2023, in Marietta, Ohio. The second Bit Heat Day will be held at the newly built SAI US R&D Center SAI NODE Marietta and the OCEC Computing Heat Recycle Technology Development Center (together, the “Centers”), which is successfully powered on today after months of developme",retained,3,score_3,content_specific,,
news_dd63c93e1b7c69685b2e,2023-12-27 22:20:00+00:00,2023,Motley Fool,Why Bit Digital Stock Raced 18% Higher on Wednesday,"Wednesday was a fine day to be invested in nearly any type or flavor of cryptocurrency. It was also a good day for shareholders in crypto mining companies, which saw a bounce as the Great Crypto Rally of Late 2023 extended into yet another trading session. One of those miners,Bit Digital(NASDAQ: BTBT), also benefited from a positive move by an analyst tracking its stock, along with the announcement of a new operational goal. As a result, Bit Digital's share price moved up more than a bit, closin",retained,3,score_3,content_specific,,
news_65acb7c6a43149a6dfaa,2023-08-02 18:26:41+00:00,2023,The Defiant,Litecoin Completes Third-Ever Block Reward Halving,"Litecoin, the second-oldest blockchain network, completed its third block reward halving on Wednesday. The Litecoin network will now issue 6.25 LTC as rewards for miners with each block, down from 12.5 LTC. Litecoin’s block reward halving reduces issuance of new LTC by 50% for every 840,000 blocks processed, with LTC’s supply expected to reach its limit in the year 2,142. LTC is down almost 6% in the past 24 hours after rallying by about 30% in the six weeks leading up to the issuance change. Th",retained,3,score_3,content_specific,,
news_1078528db7910fa77fcd,2023-06-08 00:28:13+00:00,2023,Decrypt Media,Cathie Wood's ARK Bought $22M Worth of Coinbase Shares After the Price Tanked,"Cathie Woods’ tech-focused investment firm ARK Invest expanded its holdings of Coinbase shares after the stock took a blow. The reason: A massivelawsuit filedby the Securities and Exchange Commission. Ark purchased 419,324 shares worth approximately $21.6 million at Tuesday's closing price of $51.61 through its three exchange-traded funds: ARK's Innovation ETF, Next Generation ETF, and Fintech Innovation ETF. In total, Ark now holds about11,776,015 shares, making it the second largest owner of C",retained,3,score_3,content_specific,,
news_a437a74fcd40328722e7,2023-01-31 05:13:53+00:00,2023,Forkast News,"January weekly crypto product investment reaches highest since July, says CoinShares report","Investment in digital asset products reached US$117 million in the week ending Jan. 27 — the highest since July 2022 — with nearly all of that going into Bitcoin-linked products, according to the Digital Asset Fund Flows report from European cryptocurrency investment firmCoinShares. See related article:Bitcoin trades higher in Nigeria amid cashless economy drive • Last week’s increase is still a long way behind July 2022’s almost US$400 million weekly investment in such products, which was the s",retained,5,score_4_plus,content_specific,,
news_6408702b856f690bea7a,2023-03-09 21:56:28+00:00,2023,InvestorPlace,3 Penny Cryptocurrencies to Consider for Diversifying Your Crypto Portfolio,"A crypto portfolio is incomplete withoutBitcoin(BTC-USD) andEthereum(ETH-USD). These are, however, established stories in the cryptocurrency space and can be likened toblue-chip stocks. Big money in the next bull market will be made in penny cryptos that can be likened to growth orpenny stocks. In terms of the outlook for cryptocurrencies, the worst seems to be over. Bitcoin has trended higher by 32% for year-to-date 2023. I expect the bullish momentum to sustain. It’s worth noting that Bitcoin ",retained,5,score_4_plus,content_specific,,
news_cef0b0027d586a4426c7,2023-08-09 20:50:00+00:00,2023,GlobeNewswire,"Riot Platforms Reports Second Quarter 2023 Financial Results, Current Operational and Financial Highlights","Riot Reports $76.7 Million in Total Revenue, New All-Time Record Hash Rate Capacity of 10.7 EH/s, and Expanded Execution of Power Strategy Hash Rate Growth CASTLE ROCK, Colo., Aug. 09, 2023 (GLOBE NEWSWIRE) --Riot Platforms, Inc. (NASDAQ: RIOT) (“Riot” or “the Company”), an industry leader in Bitcoin (“BTC”) mining and data center hosting, reported financial results for the three-month period ended June 30, 2023. The unaudited financial statements and accompanying presentation materials are avai",retained,5,score_4_plus,content_specific,,
news_a4aeb2e5183e000d30e6,2023-03-07 10:15:00+00:00,2023,PR Newswire,Canaan Inc. Reports Unaudited Fourth Quarter and Full Year 2022 Financial Results,"- Achieves Record-high Bitcoin Mining Computing Power of 3.8EH/s Installed as of February-end 2023 - BEIJING , March 7, 2023 /PRNewswire/ -- Canaan Inc. (NASDAQ: CAN) (""Canaan"" or the ""Company""), a leading high-performance computing solutions provider, today announced its unaudited financial results for the three months and twelve months ended December 31, 2022 . Fourth Quarter 2022 Operating and Financial Highlights Total computing power sold was 1.9 million Thash/s, representing a decrease of ",retained,4,score_4_plus,content_specific,,
news_2b54486b52721d761f47,2023-06-26 13:14:46+00:00,2023,CoinMarketCap,"Week in DeFi: BNB Chain L2, Polygon PoS ZkEVM and Velodrome V2","Week in DeFi: BNB Chain L2, Polygon PoS ZkEVM and Velodrome V2 BNB Smart Chain makes an announcement for their Layer 2 solution, opBNB, and Polygon Labs proposes a shift for the Polygon Proof-of-Stake (PoS) chain to the zero-knowledge Ethereum Virtual Machine (zkEVM) validium, which would be the first-of-its-kind upgrade in the crypto space. Finally, Optimism -based automated market maker (AMM) and Solidly fork , Velodrome , launches its much anticipated Velodrome V2 upgrade. Let’s see what went",retained,2,threshold_2,content_specific,,
news_dbad22fd3b26ce6f6de4,2023-08-23 23:17:49+00:00,2023,Bloomberg,Deepfake Imposter Scams Are Driving a New Wave of Fraud,"(Bloomberg Markets) -- Computer-generated children’s voices so realistic they fool their own parents. Masks created with photos from social media that can penetrate a system protected by face ID. They sound like the stuff of science fiction, but these techniques are already available to criminals preying on everyday consumers. Most Read from Bloomberg • Citadel Vets 69,000 Intern Applicants to Find Next Math Geniuses • Putin Agrees to Visit China in First Trip Since Arrest Warrant • What to Do W",retained,2,threshold_2,content_specific,,
news_536c3c85d5bd361c0798,2023-06-07 13:01:32+00:00,2023,CoinDesk,"Crypto Needs to Be Private by Default, Some Consensus 2023 Guests Say","Privacy and criminality share an uncomfortably intimate existence, not least of all in cryptocurrency. Many consider the power to selectively reveal or hide oneself to the world a human right, but it is often abused by criminals, leading to calls for increased government surveillance, which in turn encroaches on the privacy of law-abiding citizens who make up the vast majority of crypto users. This article is excerpted from CoinDesk’s inaugural Consensus @ Consensus Report, the product of intima",retained,2,threshold_2,content_specific,,
news_a4ad4f6b6e4bdb5fee4d,2023-01-10 12:08:00+00:00,2023,GlobeNewswire,"Cryptocurrency Global Market Report 2022: Sector to Grow by 7.2% Annually Bolstered by Low Ownership Costs, Safer Transactions and Fluctuations in Monetary Regulations","Dublin, Jan. 10, 2023 (GLOBE NEWSWIRE) -- The""Cryptocurrency Market Size, Market Share, Application Analysis, Regional Outlook, Growth Trends, Key Players, Competitive Strategies and Forecasts, 2022 to 2030""report has been added toResearchAndMarkets.com'soffering. The global cryptocurrency market accounted for US$ 2,040.5 million in 2020 and is anticipated to grow at a CAGR of 7.2% throughout the forecast period from 2022 to 2030. Currently, various types of cryptocurrencies are present in the m",retained,2,threshold_2,content_specific,,
news_2a33d437b5df1769a92b,2023-06-13 12:55:41+00:00,2023,Decrypt Media,"Bitcoin, Ethereum Rise as Inflation Eases to 4% in May","Cryptocurrency pricesedged upwardson Tuesday after a widely-watched inflation gauge bolstered traders’ belief that theFederal Reserve could skip raising rates at a key meeting later this week. The Consumer Price Index (CPI)rose4%in the 12 months through May, the Bureau of Labor Statistics (BLS) said Wednesday, matching economists’ expectations. The index, which tracks price movements across a broad range of goods and services, rose 0.1% in May on a month-to-month basis—following a 0.4% bump in A",retained,3,score_3,title_primary,,
news_a8fb9961078b354ea5de,2023-01-13 22:25:17+00:00,2023,CoinDesk,Crypto Markets Today: Bitcoin Finishes Best Week Since March; Solana’s Bonk Barks,"In the past few weeks, a Shiba inu-themed token took center stage in the Solana ecosystem as sentiment around the blockchain network took a hit in the aftermath of the Sam Bankman-Fried and FTX debacle. CoinDesk's Shaurya Malwatook a closer look at Bonk Inu: This article originally appeared inCrypto Markets Today, CoinDesk’s daily newsletter diving into what happened in today's crypto markets.Subscribe to get it in your inbox every day. • Called Bonk Inu,the project with a cute dog holding a bat",retained,3,score_3,title_primary,,
news_f60f64800b4fa3154750,2023-06-19 03:16:51+00:00,2023,CoinMarketCap,Ethscriptions Launch on Ethereum Following Inscriptions on Bitcoin,"A new protocol called Ethscriptions has generated significant interest within theEthereumcommunity, allowing users to create and share digital objects on the Ethereum blockchain. Similar to the Ordinals project on theBitcoinnetwork, Ethscriptions enable users to inscribe non-financial data under 96 kilobytes in size, particularly images for now, directly into the Ethereum main chain. Developed by Tom Lehman, the project gained substantial traction with nearly 30,000 Ethscriptions created in less",retained,3,score_3,title_primary,,
news_413782fe67df014a40eb,2023-12-05 08:30:00+00:00,2023,PR Newswire,"Christmas Comes Early for Traders as Bitcoin Reaches $41k After 19 Months, Says PayBito CEO","On Monday, the price ofBitcoinsurged past$41,000for the first time since the Terra crash inApril 2022, laying the stone for the next bull run in 2024. PayBito CEO, Raj Chowdhury claims it is an early Christmas gift forBitcoinmaximalists. PALO ALTO, Calif.,Dec. 5, 2023/PRNewswire-PRWeb/ --Bitcoinhas seen a remarkable surge of over 120% this year, and experts are optimistic that this trend will continue into 2024. The currency's previous all-time high of almost$69kwas achieved inNovember 2021. Fol",retained,3,score_3,title_primary,,
news_61869e0fd9f1431ba02f,2023-08-02 10:11:52+00:00,2023,Forkast News,"Bitcoin returns above US$29,000 support level, most top 10 tokens rise","Bitcoin, Ether and most other top ten non-stablecoin cryptocurrencies gained in Wednesday afternoon trading in Asia, except Binance’s BNB and Tron. Litecoin also strengthened ahead of its halving event, its first since August 2019, during late evening on Wednesday in Asia. Global stock markets took a hit after Fitch Ratings credit agency downgraded U.S. credit rating. See related article:Shanghai plans blockchain infrastructure hub to link with Hong Kong, Singapore by 2025 Bitcoin gained 2.11% t",retained,6,score_4_plus,title_primary,,
news_3e50a20f7b6fe408ed49,2023-02-03 19:28:25+00:00,2023,CoinDesk,Fed Policy Win Could Harm Bitcoin’s Wall Street Narrative,"Join the most important conversation in crypto and web3! Secure your seat today Economic data and other indicators, including a more upbeat mood in financial markets, point to a real possibility that the U.S. Federal Reserve will defy earlier expectations and successfully engineer asoft landingin the world’s biggest economy. If so, that could yet again force bitcoin-favoring investment advisers to return to the drawing board on how to frame this hard-to-categorize asset as something newcomers ca",retained,6,score_4_plus,title_primary,,
news_2a94245320cf6eefb22b,2023-06-22 08:59:01+00:00,2023,CoinDesk,Bitcoin Holdings in One Coinbase Custody Wallet Jumped by 2.5K After BlackRock ETF Filing,"The bitcoin (BTC) held in one Coinbase Custody wallet jumped 2,500 BTC soon after BlackRockfiled for a spot bitcoin ETFlast week, data from analytics tool CryptoQuant shows. Coinbase Custody is a service offered by the crypto exchange that allows institutional investors to store large amounts of tokens, such as bitcoin, in a secure wallet. It will serve as the custodian for bitcoin held on BlackRock Bitcoin ETF, if the request is approved by regulators. A wallet tracked by CryptoQuant shows the ",retained,8,score_4_plus,title_primary,,
news_5b7691c0bfa4b50f6dba,2023-08-07 11:30:00+00:00,2023,Business Wire,Bitcoin Bonuses and Free Bets at Juicy Stakes Casino,"Take a look at what’s on offer online this week SYDNEY, August 07, 2023 --( BUSINESS WIRE )--A new week at Juicy Stakes Casino means a new set of offers, with the popular platform delivering Free Bets and Free Spins aplenty for all players to dive right into. The first item on the agenda this week is a super $60 worth of Free Bets . Yours to use, on the house, for a true casino classic. Log in between 7th - 13th August, and you’ll find 30x $2 bets waiting to use on Blackjack 21. A win of anythin",retained,4,score_4_plus,title_primary,,
news_73ca52815775a2eec40c,2023-09-14 13:30:00+00:00,2023,GlobeNewswire,"UXUY Sponsored Satoshi Awards Announced, Telegram & TON are Winners","The Satoshi Nakamoto Awards, sponsored by UXUY, held its award ceremony at the Singapore FinTech Association, revealing all the major award winners. UXUY co-founder Jordan was in attendance and presented awards to those winners. Singapore, Sept. 14, 2023 (GLOBE NEWSWIRE) -- The prestigious Web3 and cryptocurrency industry summit, TOKEN2049, kicked off in Singapore on September 13, 2023. On the same day,The Satoshi Nakamoto Awards, sponsored byUXUY, held its award ceremony at the Singapore FinTec",retained,3,score_3,title_specific,,
news_074f69d1ac53a48ca4ef,2023-05-03 02:00:00+00:00,2023,GlobeNewswire,Lightning Network Infrastructure Company Neutronpay Launches Enterprise Business API Product for Customers in Asia and North America,"HO CHI MINH CITY, Vietnam, May 02, 2023 (GLOBE NEWSWIRE) -- Over the last year we've been building our enterprise infrastructure API for businesses, and we're proud to announce it's now ready for the public. We want to thank our early enterprise customers who've been helping us test in North America and Asia over the past several months. If sending or receiving payments are apart of your business operations, or you simply want to leverage the benefits of Lightning, we can help. If you haven't sp",retained,3,score_3,title_specific,,
news_fcf5b4c0fc1cec52c670,2023-05-01 05:27:51+00:00,2023,CoinMarketCap,Lightning Labs Releases LiT-D: A Unified Platform for Simplified Lightning Network Node Management,"Lightning Labs hasunveiledits latest offering, the Lightning Terminal Daemon (LiT-D), aimed at simplifying the management of Lightning Network nodes. This all-in-one solution is an extension of their existing Lightning Terminal (LiT) product, offering users a seamless way to control node operations, monitor channels, and manage liquidity. The introduction of LiT-D paves the way for users of all skill levels to engage with the Lightning Network more efficiently. By consolidating various Lightning",retained,3,score_3,title_specific,,
news_7bf36c7d091c139efacc,2023-02-23 18:21:40+00:00,2023,News Direct,Satoshi Nakamoto's Last Unfinished Project Inspires This New Online Marketplace Disruptor In The Crypto Space,"Zug, Switzerland --News Direct-- Chainwire A fork of Bitcoin, known as Particl , has announced the completion of an eBay-style marketplace that’s been integrated into its wallet. Built using blockchain smart contracts, the marketplace is derived from an original concept first proposed by Satoshi Nakamoto. Particl’s latest release forms a trustless, unstoppable marketplace where buyers and sellers can trade goods without the risk of getting scammed. It features zero fees and encrypted chat messag",retained,5,score_4_plus,title_specific,,
news_6a3e796f4c2fdbf49bcb,2023-01-31 15:00:08+00:00,2023,CoinDesk,Strike Expands Lightning Network-Powered Remittances to Philippines,"Join the most important conversation in crypto and web3! Secure your seat today Digital payments firmStrikeis expanding its international money transfer service that runs on Bitcoin’s Lightning Network to the Philippines, in a push to tap into the country’s$12 billionremittance market, one of the world’s largest. The remittance service, Send Globally, will be available in the Philippines starting Tuesday, according to a press release. It runs on the Lightning Network, a “layer 2” scaling solutio",retained,5,score_4_plus,title_specific,,
news_7c83816d05bd679ff930,2023-09-21 16:11:10+00:00,2023,CoinDesk,Infamously Hacked Crypto Exchange Mt. Gox Delays Repayment Deadline by a Year,"Mt. Gox, the crypto exchange from which bitcoin (BTC) now worth almost $23 billion was stolen nearly a decade ago, has delayed the deadline for repaying people by a year, its trusteessaidon Thursday. The new deadline for the now-defunct exchange is Oct. 31, 2024, instead of Oct. 31 of this year. Read more:CoinDesk Turns 10: The Legacy of Mt. Gox – Why Bitcoin’s Greatest Hack Still Matters The creditors of Mt. Gox have been looking for some sort of relief for a decade. The prominent crypto exchan",retained,5,score_4_plus,title_specific,,
news_3919fa8c27f3c9291c00,2023-04-01 13:01:02+00:00,2023,Decrypt Media,What Does Satoshi Nakamoto Look Like? AI Provides Some Answers,"The greatest unanswered question in crypto (aside from when will the U.S. create intelligible rules and regulations) is:Who is Satoshi Nakamoto? Whilesome have claimedto be the enigmatic creator of Bitcoin andothers have had their lives turned upside downby media speculation, the mystery continues. So I figured that now that AI appears to know and see all, maybe it could give us a glimpse into what Satoshi may look like. I started with ChatGPT4, which doesn’t generate images but is the AI text e",retained,4,score_4_plus,title_specific,,
news_13c6d4205d9996b92606,2023-11-17 18:00:00+00:00,2023,GlobeNewswire,"OMTrade Announces Seed Round Funding Led by STEPN’s Find Satoshi Lab, Folius Ventures, and Incuba Alpha","Crypto Copy Trading Reimagined - Now Anyone Can Invest Like the Best Sydney, Australia, Nov. 17, 2023 (GLOBE NEWSWIRE) --OMTrade, a next-gen crypto exchange for social trading, announces its $6 million seed round funding. Lead investors includeFind Satoshi Lab(developer of STEPN),Folius Ventures,Meteorite Labs,Incuba Alpha,KSK Fund(by Keisuke Honda, ex-soccer captain of Japan), and a stellar lineup of Web3 founders, Web2 entrepreneurs, hedge fund managers, traders, etc. “OMTrade represents a new",retained,2,threshold_2,title_specific,,
news_c7a6b206192410c7dda2,2023-07-18 16:00:00+00:00,2023,GlobeNewswire,UXUY Sponsors Satoshi Nakamoto Awards at Token2049 in Singapore,"Next-gen decentralized exchange platform, UXUY, collaborating with the Satoshi Nakamoto Awards, will facilitate cross-chain ecosystem interactions, break barriers to cross-chain transactions, and create a more prosperous cryptocurrency ecosystem. Singapore, July 19, 2023 (GLOBE NEWSWIRE) -- Next-gen decentralized exchange platform,UXUY, officially announced its sponsorship of the ""Satoshi Nakamoto Awards."" The inaugural Satoshi Nakamoto Awards will be unveiled during theToken2049event in Singapo",retained,2,threshold_2,title_specific,,
news_74873136f03d2c22bb18,2024-01-19 13:27:00+00:00,2024,Zacks,4 Stocks in Focus Amid Volatility in Cryptocurrency Market,"The cryptocurrency market started 2024 on a positive note after closing out last year on a high. On Jan 10, the most anticipated moment arrived, with the U.S. Securities and Exchange Commission (“SEC”) finally giving the green light to 11 spot Bitcoin ETFs. The move, believed to be one of the most significant events to have happened in the cryptocurrency market history, added fuel to the Bitcoin (BTC) rally. This approval will now allow retail investors to trade the world's most prominent crypto",retained,3,score_3,content_repeated,,
news_784823787be8a4958f44,2024-02-14 19:21:42+00:00,2024,Motley Fool,Why Crypto Mining Stocks Jumped Today,"Crypto mining stockswere on an absolute tear on Wednesday as the value ofBitcoin(CRYPTO: BTC)jumped 5.9% and its market cap topped $1 trillion again. Hut 8(NASDAQ: HUT)jumped as much as 19.5%,CleanSpark(NASDAQ: CLSK)was up 18.8%,Marathon Digital(NASDAQ: MARA)rose 15.6%, andRiotPlatforms(NASDAQ: RIOT)gained 11.9% in morning trading. At 10 a.m. ET today, shares of those mining companies were up 17.8%, 10%, 11.6%, and 10.6%, respectively. Bitcoin's upward momentum can't seem to stop. Expectations f",retained,3,score_3,content_repeated,,
news_2b3886acee2bed7cfd32,2024-01-27 10:45:00+00:00,2024,Motley Fool,Is Dollar-Cost Averaging the Safest Way to Invest in Crypto?,"One of the biggest concerns for prospective crypto investors is whether it's too risky to invest inBitcoin(CRYPTO: BTC)and other digital currencies. It's a fair question to ask given how volatile Bitcoin has been over the years. While some investors have gotten rich from investing in crypto, many others have lost big. But rather than making a big one-time investment incrypto, you may want to consider spreading out your investment over time, through a strategy known as dollar-cost averaging. Belo",retained,3,score_3,content_repeated,,
news_2fec55e4be9ed0a4f1ea,2024-01-29 02:07:03+00:00,2024,InvestorPlace,"The Coinbase Gamble: A High-Risk, High-Reward Crypto Play for Bold Investors","In 2023,Coinbase(NASDAQ:COIN) surpassed expectations as its share price skyrocketed roughly 300%, making this stock quite the standout in the digital asset market. This will have important implications for COIN investors. That said, even with its recent increase tied toFrance’s regulatory clearance, COIN stock still rests 55% below its 2021 peak. Coinbase andBitcoin(BTC-USD) are closely correlated, with Coinbase’s value largely tied to transaction fees, which are linked to the performance of the",retained,3,score_3,content_repeated,,
news_ce4279516a533b3721cc,2024-01-10 16:45:00+00:00,2024,CoinDesk,Beyond the ETF: Crypto Innovations to Watch in 2024,"It’s the beginning of a new year and anything is possible, but if you ask around, all anyone can talk about is the imminent approval of spot bitcoin ETFs. We get it, it’s exciting and creates potential for retail to get exposure to digital assets without learning any of the hard parts of crypto. But all that alpha has been scraped clean at this point. Where else should we be looking for value in the ecosystem? If you believe in the fundamentals of various digital assets like we do atHedgehog, it",retained,2,threshold_2,content_repeated,,
news_5838de020be2af9906c3,2024-01-25 18:42:24+00:00,2024,Business Insider,Stock market today: Tesla leads premarket losses as US futures hold ground,"• US stock-index futures were steady in early trades, with the market consolidating recent gains. • Tesla led premarket declines among S&P 500 names, after the EV maker warned of sales uncertainties. • Oil rallied following a drop in US crude inventories. Bitcoin and ether edged lower. US stock futures were steady in Thursday's early trades, as the market consolidated gains from the recent rally. European equities were range-bound, while Chinese markets remained in the green amid optimism about ",retained,2,threshold_2,content_repeated,,
news_13669693b6b66373b7c9,2024-02-20 17:00:00+00:00,2024,GlobeNewswire,Alvara Leads with Implementation of New ERC-7621 Token Standard,"London, UK, Feb. 20, 2024 (GLOBE NEWSWIRE) -- The approval of spot BTC ETFs marks a significant milestone, indicating widespread acceptance of Bitcoin and digital assets in TradFi. Amid debates that this move could bolster centralization and veer away from cryptocurrency’s decentralization ideals, the conversation shifts to the innovative new token standard, theERC-7621. This standard proposes a radical change, aiming to democratize the creation and management of funds. The ERC-7621 completely o",retained,2,threshold_2,content_repeated,,
news_44484a406f5015abd7c1,2024-01-26 18:58:22+00:00,2024,Business Insider,Stock market today: Intel leads premarket declines as US futures slip,"• US equity-index futures weaken, with Intel leading premarket declines among S&P 500 names. • Bitcoin edges above $40,000, clawing back some recent losses. • Oil prices retreat from a two-month high. US equity futures slid Friday, led by chipmakers as markets reacted to Intel's weaker-than-expected outlook for this quarter. Among S&P 500 names, Intel, KLA, Western Digital, and AMD were among the biggest decliners. Danaher and Thermo Fisher rose. European stocks advanced, while Asian markets wer",retained,2,threshold_2,content_repeated,,
news_ac03b0aa70c6d394ea0b,2024-02-27 21:37:53+00:00,2024,Benzinga,Bearish On COIN? Cathie Wood's Ark Invest Sells $16M In Coinbase Stock,"Over the past week, Ark Invest sold 93,435 shares of Coinbase (COIN). The shares were worth around $16 million and were sold across three exchange-traded funds (ETFs). Ark sold 54,307 shares worth $9 million from the Innovation ETF (ARKK), 28,222 worth $4.7 million from the Next Generation Internet ETF (ARKW) and 13,906 shares worth $2.3 million from the Fintech Innovation ETF (ARKF). The sale comes after asurprising earnings beat from Coinbasein its fourth-quarter earnings release. The company ",retained,3,score_3,content_specific,,
news_4ece3218cc8a9cfd408a,2024-01-12 14:32:45+00:00,2024,InvestorPlace,The 7 Best Meme Stocks to Buy in January 2024,"Some of the bestmeme stockscame into the limelight during the euphoric market rally in 2021. These stocks have gained significant attention on social media, which can potentially impact prices. During 2021, some of the best meme stocks skyrocketed and delivered multibagger returns in weeks. Of course, we are nowhere close to that bullish market sentiment, but there are attractive meme stocks to consider. An important point is that the rally in meme stocks can be completely dissociated from funda",retained,3,score_3,content_specific,,
news_1c14558a95d99db1c50d,2024-01-02 22:45:22+00:00,2024,InvestorPlace,"New Year, New Gains: The 3 Best Cryptos to Buy in 2024","As we embark on a new year filled with promise and potential, the crypto market seems like a great place to begin searching for assets primed for a bull run. As the so-called crypto winter began to thaw last year, investors have flocked back to digital assets in anticipation of major gains in 2024. With multiple catalysts on the horizon, from increased institutional adoption to innovations in blockchain technology, there is no better time to build positions in high-quality cryptocurrencies. I be",retained,3,score_3,content_specific,,
news_69830c655863e0eeba50,2024-01-14 09:30:00+00:00,2024,South China Morning Post,"Hong Kong needs to speed up approval of spot cryptocurrency exchange-traded funds after US launch, industry insiders say","Hong Kongshould soon follow theUnited States' lead inauthorising spot cryptocurrency exchange-traded funds(ETFs), bolstering the city's ambition to become a majorvirtual-asset hub in Asia, according to industry insiders. While the city'sSecurities and Futures Commission(SFC) in December said it was prepared toauthorise retail access to spot virtual asset ETFs, the actual launch of such products has already fallen behind the US, according to Wang Yi, the head of quantitative investment at CSOP As",retained,3,score_3,content_specific,,
news_7bcc1a3462b2dd2f7005,2024-01-05 20:32:34+00:00,2024,Bloomberg,Microsoft Picks Dee Templeton as OpenAI Board Observer,"(Bloomberg) -- Microsoft Corp. executive Dee Templeton has joined OpenAI’s board as a nonvoting observer, according to a person familiar with the matter, as part of a broader boardroom overhaul following the brief ouster of the startup’s chief executive officer. Most Read from Bloomberg • SEC’s X Account Hacked to Falsely Say Bitcoin ETF Approved • Amazon’s Twitch to Cut 500 Employees, About 35% of Staff • Boeing CEO Fights Back Tears and Admits ‘Our Mistake’ in 737 Address • Bottled Water Conta",retained,4,score_4_plus,content_specific,,
news_5bbef4f3659f65516792,2024-03-18 21:02:31+00:00,2024,etf.com,"GBTC's 78% Gain Leads All ETFs This Year, Followed by BITC","[{""Ticker"": ""GBTC"", ""Name"": ""Grayscale Bitcoin Trust ETF"", ""YTD Performance"": ""77.93%"", ""Weekly Performance"": ""-3.92%"", ""AUM ($, mm)"": ""26,350.85""}, {""Ticker"": ""BITC"", ""Name"": ""Bitwise Bitcoin Strategy Optimum Roll ETF"", ""YTD Performance"": ""62.08%"", ""Weekly Performance"": """", ""AUM ($, mm)"": ""14.37""}, {""Ticker"": ""BITO"", ""Name"": ""ProShares Bitcoin Strategy ETF"", ""YTD Performance"": ""61.25%"", ""Weekly Performance"": ""-4.22%"", ""AUM ($, mm)"": ""3,171.43""}, {""Ticker"": ""ARKA"", ""Name"": ""ARK 21Shares Active B",retained,5,score_4_plus,content_specific,,
news_955bff6e38a802efc31c,2024-04-12 19:35:10+00:00,2024,etf.com,BlackRock iShares Pulled in $67.2 Bln in Q1 Flows,"BlackRock Inc.'s iShares unit, the world's biggest exchange-traded fund issuer, pulled in $67.2 billion in assets globally during the first quarter as stock markets jumped and the company launched a spot bitcoin ETF that quickly became the world's largest of its type. Fresh first quarter inflows and $190.2 billion in market gains brought global ETF assets at the world’s largest asset manager to $3.75 trillion, according to the New York company'searnings report.That's a 22% gain from last year's ",retained,5,score_4_plus,content_specific,,
news_b07d534971a39e9e40f5,2024-04-01 11:00:00+00:00,2024,GlobeNewswire,Bitfarms Announces March 2024 Production and Operations Update,"- Company earns 286 BTC in March 2024 - - Upgrade and expansion plan, targeting 21 EH/s and 21w/TH in 2024, underway with T21 deliveries and installations - TORONTO, Ontario and BROSSARD, Québec, April 01, 2024 (GLOBE NEWSWIRE) -- Bitfarms Ltd. (NASDAQ/ TSX: BITF), a global vertically integrated Bitcoin mining company, provides its monthly production report and update on its fleet upgrade and expansion. Fleet Upgrade Review Geoff Morphy, President and Chief Executive Officer said, “In March, we ",retained,5,score_4_plus,content_specific,,
news_07b32c4ef516de8fc1b3,2024-01-22 20:51:21+00:00,2024,Motley Fool,Why Ethereum Slumped More Than 6% Today,"Megacap cryptocurrencyEthereum(CRYPTO: ETH)has continued to sell off in today's session, now having given up most of its gains since the sector-driven mania following the approval of spotBitcoinETFs earlier this month. As of 3 p.m. ET, Ethereum declined 6.1% over the past 24 hours, dropping below the $2,350 level. This move appears to be tied to a number of market-driven forces, but also some token-specific headwinds that investors are pricing in today. Here's what's behind today's big downside ",retained,2,threshold_2,content_specific,,
news_2b1b6b7e42c2bddad91a,2024-04-15 15:07:00+00:00,2024,Fortune,"VCs are pouring hundreds of millions of dollars into Bittensor, a little-known AI crypto project","Amid the explosion ofartificial intelligence, investors have searched for projects thatbridgethe buzzy sector with crypto. One company, the decentralized AI marketplace Bittensor, has emerged as a magnet for prominent venture capital firms—Polychain,Digital Currency Group, and dao5 have bought up hundreds of millions of dollars worth of the project's token, TAO, which powers an array of AI-related services offered by the network such as model training and data storage. While Bittensor's token wa",retained,2,threshold_2,content_specific,,
news_c0479566922321708f9a,2024-01-26 15:42:34+00:00,2024,FX Empire,USD/JPY Weekly Forecast – The US Dollar Continues to Fight,"TheUS dollarinitially fell during the course of the trading week to break down below the 147.33 yen level only to turn around and show signs of life again. By forming the hammer the way we have, it does suggest that we continue to be more or less a buy on the dip type of scenario. If we can break above the high of the week for not only this week but the week before, then we could go looking to the 149.80 yen level, and then eventually the high is at the 152 yen level. Any pullback at this point ",retained,2,threshold_2,content_specific,,
news_2ccac78adaf2657f5a00,2024-01-31 16:07:11+00:00,2024,CoinDesk,Tether Reports Record $2.85B Profit as Biggest Stablecoin Nears $100B Market Cap,"Stablecoin issuer Tether reported a ""record-breaking"" $2.85 billion of profits last quarter as its flagship tokenUSDTneared a $100 billion market capitalization. The latest quarterly attestationreportedWednesday showed some $1 billion of the profit came from the interest earned on the company's vast U.S. Treasury, reverse repo and money market fund investments, which are held to back the USDT stablecoin, according to a Tether blog post. The rest came ""primarily"" from appreciation of Tether's oth",retained,2,threshold_2,content_specific,,
news_f3ad85c6f67453a41b03,2024-03-08 12:07:45+00:00,2024,TheStreet,"Stock Market Today: S&P 500 extends run, eyes 5,200, after jobs report: Bitcoin tops $70K","Updated at 4:30 PM EST by Rob Lenihan Stocks finished lower Friday, one day after the S&P 500 closed at a fresh record high, as investors parsed details of a key February jobs report. The Dow Jones Industrial Average lost 68 points, or 0.18%, to 38,772.69, while the S&P 500, which had reached a fresh intra-day record high earlier in the session, slipped 0.65% to 5,123.69. The tech-heavy Nasdaq tumbled 1.16% to 16,085.11. Atificial-intelligence-market leader Nvidia(NVDA)lost ground, losing 5.6% b",retained,3,score_3,title_primary,,
news_b75a3332961ae54d01ed,2024-01-16 14:00:00+00:00,2024,News Direct,"Sui Tops $300M in TVL, Passes Bitcoin and Joins Upper Echelon of DeFi Protocols","Grand Cayman --News Direct-- Sui 2000% increase in TVL and superior technology are causing builders to choose Sui, most recently, top lending protocol, Solend. Sui, a leading Layer 1 blockchain created by the team that led Meta’s Diem stablecoin project, has surged past $300M in Total Value Locked (TVL) continuing to climb the ranks of DefiLlama’s leaderboard. This sudden milestone underscores the ecosystem’s rapid ascent and further solidifies Sui’s position as a leader in the DeFi space, surpa",retained,3,score_3,title_primary,,
news_16eb4bb02a936eaade43,2024-04-11 10:36:40+00:00,2024,Yahoo Finance UK,"Trending tickers: Darktrace, AstraZeneca, Persimmon, Bitcoin","Darktrace (DARK.L) Darktrace shares surged by 7% after it raised its annual revenue and margin forecasts for the third time this year. The British cybersecurity company's third-quarter revenue jumped 26.5%, driven by demand for its services due to an increase in digital attacks. It also benefitted from a boom in artificial intelligence. It marks the second quarter in a row that the company has seen an increase in new revenue. Cathy Graham, chief financial officer, said: ""We believe the markets i",retained,3,score_3,title_primary,,
news_59db411e0ed5237bf730,2024-03-05 11:11:14+00:00,2024,Reuters,"Marketmind: Apple angst, Tesla tanks, Bitcoin balks","A look at the day ahead in U.S. and global markets from Mike Dolan Has the ""Magnificent Seven"" become the ""Famous Five"" or even ""Fab Four""? With one eye on the major macro events of the week, Apple and Tesla's separation from this year's tech-infused stock market buoyancy and their underperformance against the other ""Magnificent Seven"" megacaps has become more pointed. Apple's stock was down almost 2% again ahead of Tuesday's bell after news that iPhone sales in China fell 24% year-on-year in th",retained,3,score_3,title_primary,,
news_ffb31ef3e7c2ef02e3a7,2024-01-10 21:22:39+00:00,2024,Forkast News,Crypto milestone: SEC approves spot Bitcoin ETFs,"The U.S. Securities and Exchange Commission (SEC) has given the green light to 11 spot Bitcoin exchange-traded funds (ETFs). Today’s landmark approval includes ETFs from major asset management firms such as BlackRock, Grayscale, and Valkyrie, and is expected to pave the way for substantial investment inflows into the digital asset space. The SEC’s decision comes after a period of anticipation and speculation within the industry, with more than a dozen firms having filed applications to issue the",retained,6,score_4_plus,title_primary,,
news_7367d08bee01d6cbd4e1,2024-03-13 00:10:13+00:00,2024,Benzinga,Bitcoin Liquidity Crisis Incoming? Bitcoin ETF Demand Surges And New All-Time Highs,"Bitcoin has been on a tear in 2024. Over the past several weeks, the token has reached multiple new highs. While many factors have contributed to this buying pattern, one of the more interesting elements of the recent run is the approval of spot Bitcoin exchange-traded funds (ETFs). Don't Miss: • If you invested $100 in DOGE when Elon Musk first tweeted about it in 2019,here’s how much you’d have today. • Bitcoin has jumped another 45% already this year –how much would you need to get started to",retained,8,score_4_plus,title_primary,,
news_dad7a39ba94f02b7d0d1,2024-01-04 06:00:12+00:00,2024,CoinMarketCap,Matrixport Founder Cites High Funding Rates and Pullback in Crypto Stocks as Reasons for Bitcoin Flash Crash,"Jihan Wu, the founder ofBitcoin (BTC)mining company Bitdeer and crypto financial services firm Matrixport, has distanced his company from a report claiming that Bitcoin exchange-traded funds (ETFs) may not be approved in January, emphasizing that its dissemination was ""not planned by Matrixport and is beyond our control."" On January 3, the price of Bitcoin fell in a matter of minutes by more than 10% to $40,800 before recovering slightly. This coincided with the release of Matrixport's report fo",retained,8,score_4_plus,title_primary,,
news_e989b2722c69911694a4,2024-01-09 22:32:41+00:00,2024,Associated Press Finance,"SEC chair denies a bitcoin ETF has been approved, says account on X was hacked","NEW YORK (AP) — The Securities and Exchange Commission said Tuesday that a post sent from the agency's account on the social platform X announcing the approval of a long-awaited bitcoin exchange-traded fund was “unauthorized,” and that the agency's account was hacked. The price of bitcoin briefly spiked more than $1,000 after the post on X, formerly known as Twitter, claimed “The SEC grants approval for #Bitcoin ETFs for listing on all registered national securities exchanges.” Cryptocurrency in",retained,8,score_4_plus,title_primary,,
news_b680f2ec31652e7c0b17,2024-03-14 17:28:03+00:00,2024,Forkast News,UK court rules against Craig Wright’s Satoshi Nakamoto claim,"UK High Court Judge James Mellor has ruled that Dr. Craig Wright, an Australian computer scientist, is not Satoshi Nakamoto, the pseudonymous creator of Bitcoin. The verdict concludes a lawsuit initiated by the Cryptocurrency Open Patent Alliance (COPA) against Wright, who has claimed to be the inventor of Bitcoin. COPA, which aims to foster the adoption of cryptocurrency technologies and eliminate patents as barriers to innovation, sought to prevent Wright from making further claims to the Sato",retained,5,score_4_plus,title_specific,,
news_5962296846bc7de772ae,2024-03-15 04:35:01+00:00,2024,CoinMarketCap,"Craig Wright Is not Satoshi Nakamoto, According to UK Judge Ruling","A UK court has ruled that Dr. Craig Wright is not the pseudonymous creator ofBitcoin, Satoshi Nakamoto. Wright has claimed to be the inventor of Bitcoin and has asserted copyright over the Bitcoin whitepaper. However, Judge James Mellor has dismissed these claims. Wright's claims have been met with skepticism from the cryptocurrency community, and he has been involved in a legal battle with the Crypto Open Patent Alliance (COPA) and a group of Bitcoin Core developers since 2021. COPA, which is b",retained,5,score_4_plus,title_specific,,
news_6757d4c70400e02a9167,2024-02-23 18:37:36+00:00,2024,Forkast News,"Wright submits 164,000 pages in an attempt to prove he’s Satoshi","In a high-profile legal case, Craig Wright, a computer programmer, has presented a staggering 164,000 pages of evidence to the UK High Court of Justice to support his assertion that he is Satoshi Nakamoto, the creator of Bitcoin. The Crypto Open Patent Alliance (COPA) is challenging Wright’s claim, which has been met with skepticism by many in the cryptocurrency community. The case has brought forth testimonies from early Bitcoin contributors and the introduction of emails between Nakamoto and c",retained,5,score_4_plus,title_specific,,
news_5c13d7841a6b2a43b391,2024-03-12 09:43:45+00:00,2024,CoinDesk,COPA vs Wright: What's at Stake as the Trial to Determine Satoshi's Identity Wraps Up,"• The Crypto Open Patent Alliance and Craig Wright will present their closing statements in the trial to find out if Wright is Satoshi. • Justice James Mellor has not yet said when his decision will be out. • The results of the identity case against Wright could have implications on other ongoing cases. This week attorneys representing bitcoin developers and the Crypto Open Patent Alliance (COPA), an organization that says it isfighting for ""freedom from threats""on crypto technology, will tell a",retained,5,score_4_plus,title_specific,,
news_bf44e67c3e456d0d4666,2024-01-11 14:41:00+00:00,2024,GlobeNewswire,Discover Satoshi Nakamoto Token (SNMT) Listing on XT.COM,"Singapore , Jan. 11, 2024 (GLOBE NEWSWIRE) --XT.COM, the world’s first socially infused trading platform, is thrilled to announce the listing of SATOSHI NAKAMOTO TOKEN (SNMT) on its platform in the innovation zone and theSNMT/USDTtrading pair started trading at 2024-01-05 08:00 (UTC). The SNMT Trading CompetitionCommencing at 08:00 on January 10, 2024 (UTC), this two-week trading event marks the collaborative effort between XT.COM and SNMT, offering a substantial reward pool of 5,500 USDT to par",retained,2,threshold_2,title_specific,,
